object,stage,equipment,mandatory,url
Жильё,Подготовка территории,бульдозер,обязательная,https://docs.cntd.ru/document/435746879
Административные здания,Подготовка территории,бульдозер,обязательная,https://docs.cntd.ru/document/435746879
Административные здания,Планировка грунта,бульдозер,обязательная,https://docs.cntd.ru/document/435746879
Жильё,Вертикальная планировка,бульдозер,обязательная,https://docs.cntd.ru/document/435746879
Административные здания,Вертикальная планировка,бульдозер,обязательная,https://docs.cntd.ru/document/435746879
Жильё,Устройство котлована,экскаватор,обязательная,https://docs.cntd.ru/document/435746879
Административные здания,Устройство котлована,экскаватор,обязательная,https://docs.cntd.ru/document/435746879
Жильё,Устройство котлована,самосвал,обязательная,https://docs.cntd.ru/document/435746879
Административные здания,Устройство котлована,самосвал,обязательная,https://docs.cntd.ru/document/435746879
Жильё,Устройство котлована,бульдозер,обязательная,https://docs.cntd.ru/document/435746879
Административные здания,Устройство котлована,бульдозер,обязательная,https://docs.cntd.ru/document/435746879
Жильё,Выемка грунта котлована,экскаватор,обязательная,https://docs.cntd.ru/document/435746879
Административные здания,Выемка грунта котлована,экскаватор,обязательная,https://docs.cntd.ru/document/435746879
Жильё,Выемка грунта котлована,самосвал,обязательная,https://docs.cntd.ru/document/435746879
Административные здания,Выемка грунта котлована,самосвал,обязательная,https://docs.cntd.ru/document/435746879
Жильё,Выемка грунта котлована,бульдозер,обязательная,https://docs.cntd.ru/document/435746879
Административные здания,Выемка грунта котлована,бульдозер,обязательная,https://docs.cntd.ru/document/435746879
Административные здания,Земляные работы,экскаватор,обязательная,https://docs.cntd.ru/document/435746879
Административные здания,Земляные работы,самосвал,обязательная,https://docs.cntd.ru/document/435746879
Административные здания,Земляные работы,бульдозер,обязательная,https://docs.cntd.ru/document/435746879
Административные здания,Разработка грунта,экскаватор,обязательная,https://docs.cntd.ru/document/435746879
Административные здания,Разработка грунта,самосвал,обязательная,https://docs.cntd.ru/document/435746879
Административные здания,Разработка грунта,бульдозер,обязательная,https://docs.cntd.ru/document/435746879
Административные здания,Разработка грунта котлована,экскаватор,обязательная,https://docs.cntd.ru/document/435746879
Административные здания,Разработка грунта котлована,самосвал,обязательная,https://docs.cntd.ru/document/435746879
Административные здания,Разработка грунта котлована,бульдозер,обязательная,https://docs.cntd.ru/document/435746879
Образование,Разработка грунта,экскаватор,обязательная,https://meganorm.ru/Data2/1/4293839/4293839875.htm
Здравоохранение,Разработка грунта,экскаватор,обязательная,https://meganorm.ru/Data2/1/4293839/4293839875.htm
Спорт,Разработка грунта,экскаватор,обязательная,https://meganorm.ru/Data2/1/4293839/4293839875.htm
Культура,Разработка грунта,экскаватор,обязательная,https://meganorm.ru/Data2/1/4293839/4293839875.htm
Административные здания,Разработка грунта,экскаватор,обязательная,https://meganorm.ru/Data2/1/4293839/4293839875.htm
ДОУ,Разработка грунта,экскаватор,обязательная,https://meganorm.ru/Data2/1/4293839/4293839875.htm
Офисно-деловой центр,Разработка грунта,экскаватор,обязательная,https://meganorm.ru/Data2/1/4293839/4293839875.htm
Дороги,Разработка грунта,экскаватор,обязательная,https://meganorm.ru/Data2/1/4293839/4293839875.htm
Образование,Разработка грунта,самосвал,обязательная,https://meganorm.ru/Data2/1/4293839/4293839875.htm
Здравоохранение,Разработка грунта,самосвал,обязательная,https://meganorm.ru/Data2/1/4293839/4293839875.htm
Спорт,Разработка грунта,самосвал,обязательная,https://meganorm.ru/Data2/1/4293839/4293839875.htm
Культура,Разработка грунта,самосвал,обязательная,https://meganorm.ru/Data2/1/4293839/4293839875.htm
Административные здания,Разработка грунта,самосвал,обязательная,https://meganorm.ru/Data2/1/4293839/4293839875.htm
ДОУ,Разработка грунта,самосвал,обязательная,https://meganorm.ru/Data2/1/4293839/4293839875.htm
Офисно-деловой центр,Разработка грунта,самосвал,обязательная,https://meganorm.ru/Data2/1/4293839/4293839875.htm
Дороги,Разработка грунта,самосвал,обязательная,https://meganorm.ru/Data2/1/4293839/4293839875.htm
Образование,Земляные работы,экскаватор,обязательная,https://meganorm.ru/Data2/1/4293839/4293839875.htm
Здравоохранение,Земляные работы,экскаватор,обязательная,https://meganorm.ru/Data2/1/4293839/4293839875.htm
Спорт,Земляные работы,экскаватор,обязательная,https://meganorm.ru/Data2/1/4293839/4293839875.htm
Культура,Земляные работы,экскаватор,обязательная,https://meganorm.ru/Data2/1/4293839/4293839875.htm
Административные здания,Земляные работы,экскаватор,обязательная,https://meganorm.ru/Data2/1/4293839/4293839875.htm
ДОУ,Земляные работы,экскаватор,обязательная,https://meganorm.ru/Data2/1/4293839/4293839875.htm
Офисно-деловой центр,Земляные работы,экскаватор,обязательная,https://meganorm.ru/Data2/1/4293839/4293839875.htm
Дороги,Земляные работы,экскаватор,обязательная,https://meganorm.ru/Data2/1/4293839/4293839875.htm
Образование,Земляные работы,самосвал,обязательная,https://meganorm.ru/Data2/1/4293839/4293839875.htm
Здравоохранение,Земляные работы,самосвал,обязательная,https://meganorm.ru/Data2/1/4293839/4293839875.htm
Спорт,Земляные работы,самосвал,обязательная,https://meganorm.ru/Data2/1/4293839/4293839875.htm
Культура,Земляные работы,самосвал,обязательная,https://meganorm.ru/Data2/1/4293839/4293839875.htm
Административные здания,Земляные работы,самосвал,обязательная,https://meganorm.ru/Data2/1/4293839/4293839875.htm
ДОУ,Земляные работы,самосвал,обязательная,https://meganorm.ru/Data2/1/4293839/4293839875.htm
Офисно-деловой центр,Земляные работы,самосвал,обязательная,https://meganorm.ru/Data2/1/4293839/4293839875.htm
Дороги,Земляные работы,самосвал,обязательная,https://meganorm.ru/Data2/1/4293839/4293839875.htm
Образование,Разработка грунта в траншее,экскаватор,обязательная,https://meganorm.ru/Data2/1/4293839/4293839875.htm
Здравоохранение,Разработка грунта в траншее,экскаватор,обязательная,https://meganorm.ru/Data2/1/4293839/4293839875.htm
Спорт,Разработка грунта в траншее,экскаватор,обязательная,https://meganorm.ru/Data2/1/4293839/4293839875.htm
Культура,Разработка грунта в траншее,экскаватор,обязательная,https://meganorm.ru/Data2/1/4293839/4293839875.htm
Административные здания,Разработка грунта в траншее,экскаватор,обязательная,https://meganorm.ru/Data2/1/4293839/4293839875.htm
ДОУ,Разработка грунта в траншее,экскаватор,обязательная,https://meganorm.ru/Data2/1/4293839/4293839875.htm
Офисно-деловой центр,Разработка грунта в траншее,экскаватор,обязательная,https://meganorm.ru/Data2/1/4293839/4293839875.htm
Дороги,Разработка грунта в траншее,экскаватор,обязательная,https://meganorm.ru/Data2/1/4293839/4293839875.htm
Образование,Разработка грунта в траншее,самосвал,обязательная,https://meganorm.ru/Data2/1/4293839/4293839875.htm
Здравоохранение,Разработка грунта в траншее,самосвал,обязательная,https://meganorm.ru/Data2/1/4293839/4293839875.htm
Спорт,Разработка грунта в траншее,самосвал,обязательная,https://meganorm.ru/Data2/1/4293839/4293839875.htm
Культура,Разработка грунта в траншее,самосвал,обязательная,https://meganorm.ru/Data2/1/4293839/4293839875.htm
Административные здания,Разработка грунта в траншее,самосвал,обязательная,https://meganorm.ru/Data2/1/4293839/4293839875.htm
ДОУ,Разработка грунта в траншее,самосвал,обязательная,https://meganorm.ru/Data2/1/4293839/4293839875.htm
Офисно-деловой центр,Разработка грунта в траншее,самосвал,обязательная,https://meganorm.ru/Data2/1/4293839/4293839875.htm
Дороги,Разработка грунта в траншее,самосвал,обязательная,https://meganorm.ru/Data2/1/4293839/4293839875.htm
Жильё,Транспортирование грунта,экскаватор,обязательная,https://meganorm.ru/Data2/1/4293839/4293839875.htm
Образование,Транспортирование грунта,экскаватор,обязательная,https://meganorm.ru/Data2/1/4293839/4293839875.htm
Здравоохранение,Транспортирование грунта,экскаватор,обязательная,https://meganorm.ru/Data2/1/4293839/4293839875.htm
Спорт,Транспортирование грунта,экскаватор,обязательная,https://meganorm.ru/Data2/1/4293839/4293839875.htm
Культура,Транспортирование грунта,экскаватор,обязательная,https://meganorm.ru/Data2/1/4293839/4293839875.htm
Административные здания,Транспортирование грунта,экскаватор,обязательная,https://meganorm.ru/Data2/1/4293839/4293839875.htm
ДОУ,Транспортирование грунта,экскаватор,обязательная,https://meganorm.ru/Data2/1/4293839/4293839875.htm
Офисно-деловой центр,Транспортирование грунта,экскаватор,обязательная,https://meganorm.ru/Data2/1/4293839/4293839875.htm
Дороги,Транспортирование грунта,экскаватор,обязательная,https://meganorm.ru/Data2/1/4293839/4293839875.htm
Жильё,Транспортирование грунта,самосвал,обязательная,https://meganorm.ru/Data2/1/4293839/4293839875.htm
Образование,Транспортирование грунта,самосвал,обязательная,https://meganorm.ru/Data2/1/4293839/4293839875.htm
Здравоохранение,Транспортирование грунта,самосвал,обязательная,https://meganorm.ru/Data2/1/4293839/4293839875.htm
Спорт,Транспортирование грунта,самосвал,обязательная,https://meganorm.ru/Data2/1/4293839/4293839875.htm
Культура,Транспортирование грунта,самосвал,обязательная,https://meganorm.ru/Data2/1/4293839/4293839875.htm
Административные здания,Транспортирование грунта,самосвал,обязательная,https://meganorm.ru/Data2/1/4293839/4293839875.htm
ДОУ,Транспортирование грунта,самосвал,обязательная,https://meganorm.ru/Data2/1/4293839/4293839875.htm
Офисно-деловой центр,Транспортирование грунта,самосвал,обязательная,https://meganorm.ru/Data2/1/4293839/4293839875.htm
Дороги,Транспортирование грунта,самосвал,обязательная,https://meganorm.ru/Data2/1/4293839/4293839875.htm
Образование,Разработка грунта,бульдозер,обязательная,https://meganorm.ru/Data2/1/4293839/4293839887.htm
Здравоохранение,Разработка грунта,бульдозер,обязательная,https://meganorm.ru/Data2/1/4293839/4293839887.htm
Спорт,Разработка грунта,бульдозер,обязательная,https://meganorm.ru/Data2/1/4293839/4293839887.htm
Культура,Разработка грунта,бульдозер,обязательная,https://meganorm.ru/Data2/1/4293839/4293839887.htm
Административные здания,Разработка грунта,бульдозер,обязательная,https://meganorm.ru/Data2/1/4293839/4293839887.htm
ДОУ,Разработка грунта,бульдозер,обязательная,https://meganorm.ru/Data2/1/4293839/4293839887.htm
Офисно-деловой центр,Разработка грунта,бульдозер,обязательная,https://meganorm.ru/Data2/1/4293839/4293839887.htm
Дороги,Разработка грунта,бульдозер,обязательная,https://meganorm.ru/Data2/1/4293839/4293839887.htm
Образование,Разработка грунта,экскаватор,обязательная,https://meganorm.ru/Data2/1/4293839/4293839887.htm
Здравоохранение,Разработка грунта,экскаватор,обязательная,https://meganorm.ru/Data2/1/4293839/4293839887.htm
Спорт,Разработка грунта,экскаватор,обязательная,https://meganorm.ru/Data2/1/4293839/4293839887.htm
Культура,Разработка грунта,экскаватор,обязательная,https://meganorm.ru/Data2/1/4293839/4293839887.htm
Административные здания,Разработка грунта,экскаватор,обязательная,https://meganorm.ru/Data2/1/4293839/4293839887.htm
ДОУ,Разработка грунта,экскаватор,обязательная,https://meganorm.ru/Data2/1/4293839/4293839887.htm
Офисно-деловой центр,Разработка грунта,экскаватор,обязательная,https://meganorm.ru/Data2/1/4293839/4293839887.htm
Дороги,Разработка грунта,экскаватор,обязательная,https://meganorm.ru/Data2/1/4293839/4293839887.htm
Образование,Земляные работы,бульдозер,обязательная,https://meganorm.ru/Data2/1/4293839/4293839887.htm
Здравоохранение,Земляные работы,бульдозер,обязательная,https://meganorm.ru/Data2/1/4293839/4293839887.htm
Спорт,Земляные работы,бульдозер,обязательная,https://meganorm.ru/Data2/1/4293839/4293839887.htm
Культура,Земляные работы,бульдозер,обязательная,https://meganorm.ru/Data2/1/4293839/4293839887.htm
Административные здания,Земляные работы,бульдозер,обязательная,https://meganorm.ru/Data2/1/4293839/4293839887.htm
ДОУ,Земляные работы,бульдозер,обязательная,https://meganorm.ru/Data2/1/4293839/4293839887.htm
Офисно-деловой центр,Земляные работы,бульдозер,обязательная,https://meganorm.ru/Data2/1/4293839/4293839887.htm
Дороги,Земляные работы,бульдозер,обязательная,https://meganorm.ru/Data2/1/4293839/4293839887.htm
Образование,Земляные работы,экскаватор,обязательная,https://meganorm.ru/Data2/1/4293839/4293839887.htm
Здравоохранение,Земляные работы,экскаватор,обязательная,https://meganorm.ru/Data2/1/4293839/4293839887.htm
Спорт,Земляные работы,экскаватор,обязательная,https://meganorm.ru/Data2/1/4293839/4293839887.htm
Культура,Земляные работы,экскаватор,обязательная,https://meganorm.ru/Data2/1/4293839/4293839887.htm
Административные здания,Земляные работы,экскаватор,обязательная,https://meganorm.ru/Data2/1/4293839/4293839887.htm
ДОУ,Земляные работы,экскаватор,обязательная,https://meganorm.ru/Data2/1/4293839/4293839887.htm
Офисно-деловой центр,Земляные работы,экскаватор,обязательная,https://meganorm.ru/Data2/1/4293839/4293839887.htm
Дороги,Земляные работы,экскаватор,обязательная,https://meganorm.ru/Data2/1/4293839/4293839887.htm
Образование,Разработка грунта в траншее,бульдозер,обязательная,https://meganorm.ru/Data2/1/4293839/4293839887.htm
Здравоохранение,Разработка грунта в траншее,бульдозер,обязательная,https://meganorm.ru/Data2/1/4293839/4293839887.htm
Спорт,Разработка грунта в траншее,бульдозер,обязательная,https://meganorm.ru/Data2/1/4293839/4293839887.htm
Культура,Разработка грунта в траншее,бульдозер,обязательная,https://meganorm.ru/Data2/1/4293839/4293839887.htm
Административные здания,Разработка грунта в траншее,бульдозер,обязательная,https://meganorm.ru/Data2/1/4293839/4293839887.htm
ДОУ,Разработка грунта в траншее,бульдозер,обязательная,https://meganorm.ru/Data2/1/4293839/4293839887.htm
Офисно-деловой центр,Разработка грунта в траншее,бульдозер,обязательная,https://meganorm.ru/Data2/1/4293839/4293839887.htm
Дороги,Разработка грунта в траншее,бульдозер,обязательная,https://meganorm.ru/Data2/1/4293839/4293839887.htm
Образование,Разработка грунта в траншее,экскаватор,обязательная,https://meganorm.ru/Data2/1/4293839/4293839887.htm
Здравоохранение,Разработка грунта в траншее,экскаватор,обязательная,https://meganorm.ru/Data2/1/4293839/4293839887.htm
Спорт,Разработка грунта в траншее,экскаватор,обязательная,https://meganorm.ru/Data2/1/4293839/4293839887.htm
Культура,Разработка грунта в траншее,экскаватор,обязательная,https://meganorm.ru/Data2/1/4293839/4293839887.htm
Административные здания,Разработка грунта в траншее,экскаватор,обязательная,https://meganorm.ru/Data2/1/4293839/4293839887.htm
ДОУ,Разработка грунта в траншее,экскаватор,обязательная,https://meganorm.ru/Data2/1/4293839/4293839887.htm
Офисно-деловой центр,Разработка грунта в траншее,экскаватор,обязательная,https://meganorm.ru/Data2/1/4293839/4293839887.htm
Дороги,Разработка грунта в траншее,экскаватор,обязательная,https://meganorm.ru/Data2/1/4293839/4293839887.htm
Жильё,Устройство котлована,экскаватор,обязательная,https://meganorm.ru/Data2/1/4293839/4293839876.htm
Образование,Устройство котлована,экскаватор,обязательная,https://meganorm.ru/Data2/1/4293839/4293839876.htm
Здравоохранение,Устройство котлована,экскаватор,обязательная,https://meganorm.ru/Data2/1/4293839/4293839876.htm
Спорт,Устройство котлована,экскаватор,обязательная,https://meganorm.ru/Data2/1/4293839/4293839876.htm
Культура,Устройство котлована,экскаватор,обязательная,https://meganorm.ru/Data2/1/4293839/4293839876.htm
Административные здания,Устройство котлована,экскаватор,обязательная,https://meganorm.ru/Data2/1/4293839/4293839876.htm
ДОУ,Устройство котлована,экскаватор,обязательная,https://meganorm.ru/Data2/1/4293839/4293839876.htm
Офисно-деловой центр,Устройство котлована,экскаватор,обязательная,https://meganorm.ru/Data2/1/4293839/4293839876.htm
Дороги,Устройство котлована,экскаватор,обязательная,https://meganorm.ru/Data2/1/4293839/4293839876.htm
Жильё,Устройство котлована,бульдозер,обязательная,https://meganorm.ru/Data2/1/4293839/4293839876.htm
Образование,Устройство котлована,бульдозер,обязательная,https://meganorm.ru/Data2/1/4293839/4293839876.htm
Здравоохранение,Устройство котлована,бульдозер,обязательная,https://meganorm.ru/Data2/1/4293839/4293839876.htm
Спорт,Устройство котлована,бульдозер,обязательная,https://meganorm.ru/Data2/1/4293839/4293839876.htm
Культура,Устройство котлована,бульдозер,обязательная,https://meganorm.ru/Data2/1/4293839/4293839876.htm
Административные здания,Устройство котлована,бульдозер,обязательная,https://meganorm.ru/Data2/1/4293839/4293839876.htm
ДОУ,Устройство котлована,бульдозер,обязательная,https://meganorm.ru/Data2/1/4293839/4293839876.htm
Офисно-деловой центр,Устройство котлована,бульдозер,обязательная,https://meganorm.ru/Data2/1/4293839/4293839876.htm
Дороги,Устройство котлована,бульдозер,обязательная,https://meganorm.ru/Data2/1/4293839/4293839876.htm
Жильё,Устройство котлована,автосамосвал,обязательная,https://meganorm.ru/Data2/1/4293839/4293839876.htm
Образование,Устройство котлована,автосамосвал,обязательная,https://meganorm.ru/Data2/1/4293839/4293839876.htm
Здравоохранение,Устройство котлована,автосамосвал,обязательная,https://meganorm.ru/Data2/1/4293839/4293839876.htm
Спорт,Устройство котлована,автосамосвал,обязательная,https://meganorm.ru/Data2/1/4293839/4293839876.htm
Культура,Устройство котлована,автосамосвал,обязательная,https://meganorm.ru/Data2/1/4293839/4293839876.htm
Административные здания,Устройство котлована,автосамосвал,обязательная,https://meganorm.ru/Data2/1/4293839/4293839876.htm
ДОУ,Устройство котлована,автосамосвал,обязательная,https://meganorm.ru/Data2/1/4293839/4293839876.htm
Офисно-деловой центр,Устройство котлована,автосамосвал,обязательная,https://meganorm.ru/Data2/1/4293839/4293839876.htm
Дороги,Устройство котлована,автосамосвал,обязательная,https://meganorm.ru/Data2/1/4293839/4293839876.htm
Жильё,Устройство котлована,вибропогружатель,обязательная,https://meganorm.ru/Data2/1/4293839/4293839876.htm
Образование,Устройство котлована,вибропогружатель,обязательная,https://meganorm.ru/Data2/1/4293839/4293839876.htm
Здравоохранение,Устройство котлована,вибропогружатель,обязательная,https://meganorm.ru/Data2/1/4293839/4293839876.htm
Спорт,Устройство котлована,вибропогружатель,обязательная,https://meganorm.ru/Data2/1/4293839/4293839876.htm
Культура,Устройство котлована,вибропогружатель,обязательная,https://meganorm.ru/Data2/1/4293839/4293839876.htm
Административные здания,Устройство котлована,вибропогружатель,обязательная,https://meganorm.ru/Data2/1/4293839/4293839876.htm
ДОУ,Устройство котлована,вибропогружатель,обязательная,https://meganorm.ru/Data2/1/4293839/4293839876.htm
Офисно-деловой центр,Устройство котлована,вибропогружатель,обязательная,https://meganorm.ru/Data2/1/4293839/4293839876.htm
Дороги,Устройство котлована,вибропогружатель,обязательная,https://meganorm.ru/Data2/1/4293839/4293839876.htm
Жильё,Устройство котлована,бурильно-крановая машина,рекомендованная,https://meganorm.ru/Data2/1/4293839/4293839876.htm
Образование,Устройство котлована,бурильно-крановая машина,рекомендованная,https://meganorm.ru/Data2/1/4293839/4293839876.htm
Здравоохранение,Устройство котлована,бурильно-крановая машина,рекомендованная,https://meganorm.ru/Data2/1/4293839/4293839876.htm
Спорт,Устройство котлована,бурильно-крановая машина,рекомендованная,https://meganorm.ru/Data2/1/4293839/4293839876.htm
Культура,Устройство котлована,бурильно-крановая машина,рекомендованная,https://meganorm.ru/Data2/1/4293839/4293839876.htm
Административные здания,Устройство котлована,бурильно-крановая машина,рекомендованная,https://meganorm.ru/Data2/1/4293839/4293839876.htm
ДОУ,Устройство котлована,бурильно-крановая машина,рекомендованная,https://meganorm.ru/Data2/1/4293839/4293839876.htm
Офисно-деловой центр,Устройство котлована,бурильно-крановая машина,рекомендованная,https://meganorm.ru/Data2/1/4293839/4293839876.htm
Дороги,Устройство котлована,бурильно-крановая машина,рекомендованная,https://meganorm.ru/Data2/1/4293839/4293839876.htm
Жильё,Разработка грунта с креплением котлована,экскаватор,обязательная,https://meganorm.ru/Data2/1/4293839/4293839876.htm
Образование,Разработка грунта с креплением котлована,экскаватор,обязательная,https://meganorm.ru/Data2/1/4293839/4293839876.htm
Здравоохранение,Разработка грунта с креплением котлована,экскаватор,обязательная,https://meganorm.ru/Data2/1/4293839/4293839876.htm
Спорт,Разработка грунта с креплением котлована,экскаватор,обязательная,https://meganorm.ru/Data2/1/4293839/4293839876.htm
Культура,Разработка грунта с креплением котлована,экскаватор,обязательная,https://meganorm.ru/Data2/1/4293839/4293839876.htm
Административные здания,Разработка грунта с креплением котлована,экскаватор,обязательная,https://meganorm.ru/Data2/1/4293839/4293839876.htm
ДОУ,Разработка грунта с креплением котлована,экскаватор,обязательная,https://meganorm.ru/Data2/1/4293839/4293839876.htm
Офисно-деловой центр,Разработка грунта с креплением котлована,экскаватор,обязательная,https://meganorm.ru/Data2/1/4293839/4293839876.htm
Дороги,Разработка грунта с креплением котлована,экскаватор,обязательная,https://meganorm.ru/Data2/1/4293839/4293839876.htm
Жильё,Разработка грунта с креплением котлована,бульдозер,обязательная,https://meganorm.ru/Data2/1/4293839/4293839876.htm
Образование,Разработка грунта с креплением котлована,бульдозер,обязательная,https://meganorm.ru/Data2/1/4293839/4293839876.htm
Здравоохранение,Разработка грунта с креплением котлована,бульдозер,обязательная,https://meganorm.ru/Data2/1/4293839/4293839876.htm
Спорт,Разработка грунта с креплением котлована,бульдозер,обязательная,https://meganorm.ru/Data2/1/4293839/4293839876.htm
Культура,Разработка грунта с креплением котлована,бульдозер,обязательная,https://meganorm.ru/Data2/1/4293839/4293839876.htm
Административные здания,Разработка грунта с креплением котлована,бульдозер,обязательная,https://meganorm.ru/Data2/1/4293839/4293839876.htm
ДОУ,Разработка грунта с креплением котлована,бульдозер,обязательная,https://meganorm.ru/Data2/1/4293839/4293839876.htm
Офисно-деловой центр,Разработка грунта с креплением котлована,бульдозер,обязательная,https://meganorm.ru/Data2/1/4293839/4293839876.htm
Дороги,Разработка грунта с креплением котлована,бульдозер,обязательная,https://meganorm.ru/Data2/1/4293839/4293839876.htm
Жильё,Разработка грунта с креплением котлована,автосамосвал,обязательная,https://meganorm.ru/Data2/1/4293839/4293839876.htm
Образование,Разработка грунта с креплением котлована,автосамосвал,обязательная,https://meganorm.ru/Data2/1/4293839/4293839876.htm
Здравоохранение,Разработка грунта с креплением котлована,автосамосвал,обязательная,https://meganorm.ru/Data2/1/4293839/4293839876.htm
Спорт,Разработка грунта с креплением котлована,автосамосвал,обязательная,https://meganorm.ru/Data2/1/4293839/4293839876.htm
Культура,Разработка грунта с креплением котлована,автосамосвал,обязательная,https://meganorm.ru/Data2/1/4293839/4293839876.htm
Административные здания,Разработка грунта с креплением котлована,автосамосвал,обязательная,https://meganorm.ru/Data2/1/4293839/4293839876.htm
ДОУ,Разработка грунта с креплением котлована,автосамосвал,обязательная,https://meganorm.ru/Data2/1/4293839/4293839876.htm
Офисно-деловой центр,Разработка грунта с креплением котлована,автосамосвал,обязательная,https://meganorm.ru/Data2/1/4293839/4293839876.htm
Дороги,Разработка грунта с креплением котлована,автосамосвал,обязательная,https://meganorm.ru/Data2/1/4293839/4293839876.htm
Жильё,Разработка грунта с креплением котлована,вибропогружатель,обязательная,https://meganorm.ru/Data2/1/4293839/4293839876.htm
Образование,Разработка грунта с креплением котлована,вибропогружатель,обязательная,https://meganorm.ru/Data2/1/4293839/4293839876.htm
Здравоохранение,Разработка грунта с креплением котлована,вибропогружатель,обязательная,https://meganorm.ru/Data2/1/4293839/4293839876.htm
Спорт,Разработка грунта с креплением котлована,вибропогружатель,обязательная,https://meganorm.ru/Data2/1/4293839/4293839876.htm
Культура,Разработка грунта с креплением котлована,вибропогружатель,обязательная,https://meganorm.ru/Data2/1/4293839/4293839876.htm
Административные здания,Разработка грунта с креплением котлована,вибропогружатель,обязательная,https://meganorm.ru/Data2/1/4293839/4293839876.htm
ДОУ,Разработка грунта с креплением котлована,вибропогружатель,обязательная,https://meganorm.ru/Data2/1/4293839/4293839876.htm
Офисно-деловой центр,Разработка грунта с креплением котлована,вибропогружатель,обязательная,https://meganorm.ru/Data2/1/4293839/4293839876.htm
Дороги,Разработка грунта с креплением котлована,вибропогружатель,обязательная,https://meganorm.ru/Data2/1/4293839/4293839876.htm
Жильё,Разработка грунта с креплением котлована,бурильно-крановая машина,рекомендованная,https://meganorm.ru/Data2/1/4293839/4293839876.htm
Образование,Разработка грунта с креплением котлована,бурильно-крановая машина,рекомендованная,https://meganorm.ru/Data2/1/4293839/4293839876.htm
Здравоохранение,Разработка грунта с креплением котлована,бурильно-крановая машина,рекомендованная,https://meganorm.ru/Data2/1/4293839/4293839876.htm
Спорт,Разработка грунта с креплением котлована,бурильно-крановая машина,рекомендованная,https://meganorm.ru/Data2/1/4293839/4293839876.htm
Культура,Разработка грунта с креплением котлована,бурильно-крановая машина,рекомендованная,https://meganorm.ru/Data2/1/4293839/4293839876.htm
Административные здания,Разработка грунта с креплением котлована,бурильно-крановая машина,рекомендованная,https://meganorm.ru/Data2/1/4293839/4293839876.htm
ДОУ,Разработка грунта с креплением котлована,бурильно-крановая машина,рекомендованная,https://meganorm.ru/Data2/1/4293839/4293839876.htm
Офисно-деловой центр,Разработка грунта с креплением котлована,бурильно-крановая машина,рекомендованная,https://meganorm.ru/Data2/1/4293839/4293839876.htm
Дороги,Разработка грунта с креплением котлована,бурильно-крановая машина,рекомендованная,https://meganorm.ru/Data2/1/4293839/4293839876.htm
Дороги,Разработка грунта с креплением,экскаватор,обязательная,https://meganorm.ru/Data2/1/4293839/4293839876.htm
Дороги,Разработка грунта с креплением,бульдозер,обязательная,https://meganorm.ru/Data2/1/4293839/4293839876.htm
Дороги,Разработка грунта с креплением,автосамосвал,обязательная,https://meganorm.ru/Data2/1/4293839/4293839876.htm
Дороги,Разработка грунта с креплением,вибропогружатель,обязательная,https://meganorm.ru/Data2/1/4293839/4293839876.htm
Дороги,Разработка грунта с креплением,бурильно-крановая машина,рекомендованная,https://meganorm.ru/Data2/1/4293839/4293839876.htm
Жильё,Шпунтовое ограждение,вибропогружатель,обязательная,https://meganorm.ru/Data2/1/4293839/4293839876.htm
Образование,Шпунтовое ограждение,вибропогружатель,обязательная,https://meganorm.ru/Data2/1/4293839/4293839876.htm
Здравоохранение,Шпунтовое ограждение,вибропогружатель,обязательная,https://meganorm.ru/Data2/1/4293839/4293839876.htm
Спорт,Шпунтовое ограждение,вибропогружатель,обязательная,https://meganorm.ru/Data2/1/4293839/4293839876.htm
Культура,Шпунтовое ограждение,вибропогружатель,обязательная,https://meganorm.ru/Data2/1/4293839/4293839876.htm
Административные здания,Шпунтовое ограждение,вибропогружатель,обязательная,https://meganorm.ru/Data2/1/4293839/4293839876.htm
ДОУ,Шпунтовое ограждение,вибропогружатель,обязательная,https://meganorm.ru/Data2/1/4293839/4293839876.htm
Офисно-деловой центр,Шпунтовое ограждение,вибропогружатель,обязательная,https://meganorm.ru/Data2/1/4293839/4293839876.htm
Дороги,Шпунтовое ограждение,вибропогружатель,обязательная,https://meganorm.ru/Data2/1/4293839/4293839876.htm
Жильё,Шпунтовое ограждение,бурильно-крановая машина,рекомендованная,https://meganorm.ru/Data2/1/4293839/4293839876.htm
Образование,Шпунтовое ограждение,бурильно-крановая машина,рекомендованная,https://meganorm.ru/Data2/1/4293839/4293839876.htm
Здравоохранение,Шпунтовое ограждение,бурильно-крановая машина,рекомендованная,https://meganorm.ru/Data2/1/4293839/4293839876.htm
Спорт,Шпунтовое ограждение,бурильно-крановая машина,рекомендованная,https://meganorm.ru/Data2/1/4293839/4293839876.htm
Культура,Шпунтовое ограждение,бурильно-крановая машина,рекомендованная,https://meganorm.ru/Data2/1/4293839/4293839876.htm
Административные здания,Шпунтовое ограждение,бурильно-крановая машина,рекомендованная,https://meganorm.ru/Data2/1/4293839/4293839876.htm
ДОУ,Шпунтовое ограждение,бурильно-крановая машина,рекомендованная,https://meganorm.ru/Data2/1/4293839/4293839876.htm
Офисно-деловой центр,Шпунтовое ограждение,бурильно-крановая машина,рекомендованная,https://meganorm.ru/Data2/1/4293839/4293839876.htm
Дороги,Шпунтовое ограждение,бурильно-крановая машина,рекомендованная,https://meganorm.ru/Data2/1/4293839/4293839876.htm
Жильё,"Устройство шпунтового ограждения котлована, устройство деревянной забирки",вибропогружатель,обязательная,https://meganorm.ru/Data2/1/4293839/4293839876.htm
Образование,"Устройство шпунтового ограждения котлована, устройство деревянной забирки",вибропогружатель,обязательная,https://meganorm.ru/Data2/1/4293839/4293839876.htm
Здравоохранение,"Устройство шпунтового ограждения котлована, устройство деревянной забирки",вибропогружатель,обязательная,https://meganorm.ru/Data2/1/4293839/4293839876.htm
Спорт,"Устройство шпунтового ограждения котлована, устройство деревянной забирки",вибропогружатель,обязательная,https://meganorm.ru/Data2/1/4293839/4293839876.htm
Культура,"Устройство шпунтового ограждения котлована, устройство деревянной забирки",вибропогружатель,обязательная,https://meganorm.ru/Data2/1/4293839/4293839876.htm
Административные здания,"Устройство шпунтового ограждения котлована, устройство деревянной забирки",вибропогружатель,обязательная,https://meganorm.ru/Data2/1/4293839/4293839876.htm
ДОУ,"Устройство шпунтового ограждения котлована, устройство деревянной забирки",вибропогружатель,обязательная,https://meganorm.ru/Data2/1/4293839/4293839876.htm
Офисно-деловой центр,"Устройство шпунтового ограждения котлована, устройство деревянной забирки",вибропогружатель,обязательная,https://meganorm.ru/Data2/1/4293839/4293839876.htm
Дороги,"Устройство шпунтового ограждения котлована, устройство деревянной забирки",вибропогружатель,обязательная,https://meganorm.ru/Data2/1/4293839/4293839876.htm
Жильё,"Устройство шпунтового ограждения котлована, устройство деревянной забирки",бурильно-крановая машина,рекомендованная,https://meganorm.ru/Data2/1/4293839/4293839876.htm
Образование,"Устройство шпунтового ограждения котлована, устройство деревянной забирки",бурильно-крановая машина,рекомендованная,https://meganorm.ru/Data2/1/4293839/4293839876.htm
Здравоохранение,"Устройство шпунтового ограждения котлована, устройство деревянной забирки",бурильно-крановая машина,рекомендованная,https://meganorm.ru/Data2/1/4293839/4293839876.htm
Спорт,"Устройство шпунтового ограждения котлована, устройство деревянной забирки",бурильно-крановая машина,рекомендованная,https://meganorm.ru/Data2/1/4293839/4293839876.htm
Культура,"Устройство шпунтового ограждения котлована, устройство деревянной забирки",бурильно-крановая машина,рекомендованная,https://meganorm.ru/Data2/1/4293839/4293839876.htm
Административные здания,"Устройство шпунтового ограждения котлована, устройство деревянной забирки",бурильно-крановая машина,рекомендованная,https://meganorm.ru/Data2/1/4293839/4293839876.htm
ДОУ,"Устройство шпунтового ограждения котлована, устройство деревянной забирки",бурильно-крановая машина,рекомендованная,https://meganorm.ru/Data2/1/4293839/4293839876.htm
Офисно-деловой центр,"Устройство шпунтового ограждения котлована, устройство деревянной забирки",бурильно-крановая машина,рекомендованная,https://meganorm.ru/Data2/1/4293839/4293839876.htm
Дороги,"Устройство шпунтового ограждения котлована, устройство деревянной забирки",бурильно-крановая машина,рекомендованная,https://meganorm.ru/Data2/1/4293839/4293839876.htm
Образование,Устройство ограждающих конструкций котлована,вибропогружатель,обязательная,https://meganorm.ru/Data2/1/4293839/4293839876.htm
Здравоохранение,Устройство ограждающих конструкций котлована,вибропогружатель,обязательная,https://meganorm.ru/Data2/1/4293839/4293839876.htm
Спорт,Устройство ограждающих конструкций котлована,вибропогружатель,обязательная,https://meganorm.ru/Data2/1/4293839/4293839876.htm
Культура,Устройство ограждающих конструкций котлована,вибропогружатель,обязательная,https://meganorm.ru/Data2/1/4293839/4293839876.htm
Административные здания,Устройство ограждающих конструкций котлована,вибропогружатель,обязательная,https://meganorm.ru/Data2/1/4293839/4293839876.htm
Дороги,Устройство ограждающих конструкций котлована,вибропогружатель,обязательная,https://meganorm.ru/Data2/1/4293839/4293839876.htm
Образование,Устройство ограждающих конструкций котлована,бурильно-крановая машина,рекомендованная,https://meganorm.ru/Data2/1/4293839/4293839876.htm
Здравоохранение,Устройство ограждающих конструкций котлована,бурильно-крановая машина,рекомендованная,https://meganorm.ru/Data2/1/4293839/4293839876.htm
Спорт,Устройство ограждающих конструкций котлована,бурильно-крановая машина,рекомендованная,https://meganorm.ru/Data2/1/4293839/4293839876.htm
Культура,Устройство ограждающих конструкций котлована,бурильно-крановая машина,рекомендованная,https://meganorm.ru/Data2/1/4293839/4293839876.htm
Административные здания,Устройство ограждающих конструкций котлована,бурильно-крановая машина,рекомендованная,https://meganorm.ru/Data2/1/4293839/4293839876.htm
Дороги,Устройство ограждающих конструкций котлована,бурильно-крановая машина,рекомендованная,https://meganorm.ru/Data2/1/4293839/4293839876.htm
Образование,Обратная засыпка,бульдозер,обязательная,https://meganorm.ru/Data2/1/4293839/4293839877.htm
Здравоохранение,Обратная засыпка,бульдозер,обязательная,https://meganorm.ru/Data2/1/4293839/4293839877.htm
Спорт,Обратная засыпка,бульдозер,обязательная,https://meganorm.ru/Data2/1/4293839/4293839877.htm
Культура,Обратная засыпка,бульдозер,обязательная,https://meganorm.ru/Data2/1/4293839/4293839877.htm
Административные здания,Обратная засыпка,бульдозер,обязательная,https://meganorm.ru/Data2/1/4293839/4293839877.htm
ДОУ,Обратная засыпка,бульдозер,обязательная,https://meganorm.ru/Data2/1/4293839/4293839877.htm
Офисно-деловой центр,Обратная засыпка,бульдозер,обязательная,https://meganorm.ru/Data2/1/4293839/4293839877.htm
Дороги,Обратная засыпка,бульдозер,обязательная,https://meganorm.ru/Data2/1/4293839/4293839877.htm
Образование,Обратная засыпка,каток малогабаритный,обязательная,https://meganorm.ru/Data2/1/4293839/4293839877.htm
Здравоохранение,Обратная засыпка,каток малогабаритный,обязательная,https://meganorm.ru/Data2/1/4293839/4293839877.htm
Спорт,Обратная засыпка,каток малогабаритный,обязательная,https://meganorm.ru/Data2/1/4293839/4293839877.htm
Культура,Обратная засыпка,каток малогабаритный,обязательная,https://meganorm.ru/Data2/1/4293839/4293839877.htm
Административные здания,Обратная засыпка,каток малогабаритный,обязательная,https://meganorm.ru/Data2/1/4293839/4293839877.htm
ДОУ,Обратная засыпка,каток малогабаритный,обязательная,https://meganorm.ru/Data2/1/4293839/4293839877.htm
Офисно-деловой центр,Обратная засыпка,каток малогабаритный,обязательная,https://meganorm.ru/Data2/1/4293839/4293839877.htm
Дороги,Обратная засыпка,каток малогабаритный,обязательная,https://meganorm.ru/Data2/1/4293839/4293839877.htm
Образование,Обратная засыпка,электротрамбовка,рекомендованная,https://meganorm.ru/Data2/1/4293839/4293839877.htm
Здравоохранение,Обратная засыпка,электротрамбовка,рекомендованная,https://meganorm.ru/Data2/1/4293839/4293839877.htm
Спорт,Обратная засыпка,электротрамбовка,рекомендованная,https://meganorm.ru/Data2/1/4293839/4293839877.htm
Культура,Обратная засыпка,электротрамбовка,рекомендованная,https://meganorm.ru/Data2/1/4293839/4293839877.htm
Административные здания,Обратная засыпка,электротрамбовка,рекомендованная,https://meganorm.ru/Data2/1/4293839/4293839877.htm
ДОУ,Обратная засыпка,электротрамбовка,рекомендованная,https://meganorm.ru/Data2/1/4293839/4293839877.htm
Офисно-деловой центр,Обратная засыпка,электротрамбовка,рекомендованная,https://meganorm.ru/Data2/1/4293839/4293839877.htm
Дороги,Обратная засыпка,электротрамбовка,рекомендованная,https://meganorm.ru/Data2/1/4293839/4293839877.htm
Жильё,Обратная засыпка грунтом,бульдозер,обязательная,https://meganorm.ru/Data2/1/4293839/4293839877.htm
Образование,Обратная засыпка грунтом,бульдозер,обязательная,https://meganorm.ru/Data2/1/4293839/4293839877.htm
Здравоохранение,Обратная засыпка грунтом,бульдозер,обязательная,https://meganorm.ru/Data2/1/4293839/4293839877.htm
Спорт,Обратная засыпка грунтом,бульдозер,обязательная,https://meganorm.ru/Data2/1/4293839/4293839877.htm
Культура,Обратная засыпка грунтом,бульдозер,обязательная,https://meganorm.ru/Data2/1/4293839/4293839877.htm
Административные здания,Обратная засыпка грунтом,бульдозер,обязательная,https://meganorm.ru/Data2/1/4293839/4293839877.htm
ДОУ,Обратная засыпка грунтом,бульдозер,обязательная,https://meganorm.ru/Data2/1/4293839/4293839877.htm
Офисно-деловой центр,Обратная засыпка грунтом,бульдозер,обязательная,https://meganorm.ru/Data2/1/4293839/4293839877.htm
Дороги,Обратная засыпка грунтом,бульдозер,обязательная,https://meganorm.ru/Data2/1/4293839/4293839877.htm
Жильё,Обратная засыпка грунтом,каток малогабаритный,обязательная,https://meganorm.ru/Data2/1/4293839/4293839877.htm
Образование,Обратная засыпка грунтом,каток малогабаритный,обязательная,https://meganorm.ru/Data2/1/4293839/4293839877.htm
Здравоохранение,Обратная засыпка грунтом,каток малогабаритный,обязательная,https://meganorm.ru/Data2/1/4293839/4293839877.htm
Спорт,Обратная засыпка грунтом,каток малогабаритный,обязательная,https://meganorm.ru/Data2/1/4293839/4293839877.htm
Культура,Обратная засыпка грунтом,каток малогабаритный,обязательная,https://meganorm.ru/Data2/1/4293839/4293839877.htm
Административные здания,Обратная засыпка грунтом,каток малогабаритный,обязательная,https://meganorm.ru/Data2/1/4293839/4293839877.htm
ДОУ,Обратная засыпка грунтом,каток малогабаритный,обязательная,https://meganorm.ru/Data2/1/4293839/4293839877.htm
Офисно-деловой центр,Обратная засыпка грунтом,каток малогабаритный,обязательная,https://meganorm.ru/Data2/1/4293839/4293839877.htm
Дороги,Обратная засыпка грунтом,каток малогабаритный,обязательная,https://meganorm.ru/Data2/1/4293839/4293839877.htm
Жильё,Обратная засыпка грунтом,электротрамбовка,рекомендованная,https://meganorm.ru/Data2/1/4293839/4293839877.htm
Образование,Обратная засыпка грунтом,электротрамбовка,рекомендованная,https://meganorm.ru/Data2/1/4293839/4293839877.htm
Здравоохранение,Обратная засыпка грунтом,электротрамбовка,рекомендованная,https://meganorm.ru/Data2/1/4293839/4293839877.htm
Спорт,Обратная засыпка грунтом,электротрамбовка,рекомендованная,https://meganorm.ru/Data2/1/4293839/4293839877.htm
Культура,Обратная засыпка грунтом,электротрамбовка,рекомендованная,https://meganorm.ru/Data2/1/4293839/4293839877.htm
Административные здания,Обратная засыпка грунтом,электротрамбовка,рекомендованная,https://meganorm.ru/Data2/1/4293839/4293839877.htm
ДОУ,Обратная засыпка грунтом,электротрамбовка,рекомендованная,https://meganorm.ru/Data2/1/4293839/4293839877.htm
Офисно-деловой центр,Обратная засыпка грунтом,электротрамбовка,рекомендованная,https://meganorm.ru/Data2/1/4293839/4293839877.htm
Дороги,Обратная засыпка грунтом,электротрамбовка,рекомендованная,https://meganorm.ru/Data2/1/4293839/4293839877.htm
Жильё,Обратная засыпка песком,бульдозер,обязательная,https://meganorm.ru/Data2/1/4293839/4293839877.htm
Образование,Обратная засыпка песком,бульдозер,обязательная,https://meganorm.ru/Data2/1/4293839/4293839877.htm
Здравоохранение,Обратная засыпка песком,бульдозер,обязательная,https://meganorm.ru/Data2/1/4293839/4293839877.htm
Спорт,Обратная засыпка песком,бульдозер,обязательная,https://meganorm.ru/Data2/1/4293839/4293839877.htm
Культура,Обратная засыпка песком,бульдозер,обязательная,https://meganorm.ru/Data2/1/4293839/4293839877.htm
Административные здания,Обратная засыпка песком,бульдозер,обязательная,https://meganorm.ru/Data2/1/4293839/4293839877.htm
ДОУ,Обратная засыпка песком,бульдозер,обязательная,https://meganorm.ru/Data2/1/4293839/4293839877.htm
Офисно-деловой центр,Обратная засыпка песком,бульдозер,обязательная,https://meganorm.ru/Data2/1/4293839/4293839877.htm
Дороги,Обратная засыпка песком,бульдозер,обязательная,https://meganorm.ru/Data2/1/4293839/4293839877.htm
Жильё,Обратная засыпка песком,каток малогабаритный,обязательная,https://meganorm.ru/Data2/1/4293839/4293839877.htm
Образование,Обратная засыпка песком,каток малогабаритный,обязательная,https://meganorm.ru/Data2/1/4293839/4293839877.htm
Здравоохранение,Обратная засыпка песком,каток малогабаритный,обязательная,https://meganorm.ru/Data2/1/4293839/4293839877.htm
Спорт,Обратная засыпка песком,каток малогабаритный,обязательная,https://meganorm.ru/Data2/1/4293839/4293839877.htm
Культура,Обратная засыпка песком,каток малогабаритный,обязательная,https://meganorm.ru/Data2/1/4293839/4293839877.htm
Административные здания,Обратная засыпка песком,каток малогабаритный,обязательная,https://meganorm.ru/Data2/1/4293839/4293839877.htm
ДОУ,Обратная засыпка песком,каток малогабаритный,обязательная,https://meganorm.ru/Data2/1/4293839/4293839877.htm
Офисно-деловой центр,Обратная засыпка песком,каток малогабаритный,обязательная,https://meganorm.ru/Data2/1/4293839/4293839877.htm
Дороги,Обратная засыпка песком,каток малогабаритный,обязательная,https://meganorm.ru/Data2/1/4293839/4293839877.htm
Жильё,Обратная засыпка песком,электротрамбовка,рекомендованная,https://meganorm.ru/Data2/1/4293839/4293839877.htm
Образование,Обратная засыпка песком,электротрамбовка,рекомендованная,https://meganorm.ru/Data2/1/4293839/4293839877.htm
Здравоохранение,Обратная засыпка песком,электротрамбовка,рекомендованная,https://meganorm.ru/Data2/1/4293839/4293839877.htm
Спорт,Обратная засыпка песком,электротрамбовка,рекомендованная,https://meganorm.ru/Data2/1/4293839/4293839877.htm
Культура,Обратная засыпка песком,электротрамбовка,рекомендованная,https://meganorm.ru/Data2/1/4293839/4293839877.htm
Административные здания,Обратная засыпка песком,электротрамбовка,рекомендованная,https://meganorm.ru/Data2/1/4293839/4293839877.htm
ДОУ,Обратная засыпка песком,электротрамбовка,рекомендованная,https://meganorm.ru/Data2/1/4293839/4293839877.htm
Офисно-деловой центр,Обратная засыпка песком,электротрамбовка,рекомендованная,https://meganorm.ru/Data2/1/4293839/4293839877.htm
Дороги,Обратная засыпка песком,электротрамбовка,рекомендованная,https://meganorm.ru/Data2/1/4293839/4293839877.htm
Образование,Уплотнение грунта,бульдозер,обязательная,https://meganorm.ru/Data2/1/4293839/4293839877.htm
Здравоохранение,Уплотнение грунта,бульдозер,обязательная,https://meganorm.ru/Data2/1/4293839/4293839877.htm
Спорт,Уплотнение грунта,бульдозер,обязательная,https://meganorm.ru/Data2/1/4293839/4293839877.htm
Культура,Уплотнение грунта,бульдозер,обязательная,https://meganorm.ru/Data2/1/4293839/4293839877.htm
Административные здания,Уплотнение грунта,бульдозер,обязательная,https://meganorm.ru/Data2/1/4293839/4293839877.htm
ДОУ,Уплотнение грунта,бульдозер,обязательная,https://meganorm.ru/Data2/1/4293839/4293839877.htm
Офисно-деловой центр,Уплотнение грунта,бульдозер,обязательная,https://meganorm.ru/Data2/1/4293839/4293839877.htm
Дороги,Уплотнение грунта,бульдозер,обязательная,https://meganorm.ru/Data2/1/4293839/4293839877.htm
Образование,Уплотнение грунта,каток малогабаритный,обязательная,https://meganorm.ru/Data2/1/4293839/4293839877.htm
Здравоохранение,Уплотнение грунта,каток малогабаритный,обязательная,https://meganorm.ru/Data2/1/4293839/4293839877.htm
Спорт,Уплотнение грунта,каток малогабаритный,обязательная,https://meganorm.ru/Data2/1/4293839/4293839877.htm
Культура,Уплотнение грунта,каток малогабаритный,обязательная,https://meganorm.ru/Data2/1/4293839/4293839877.htm
Административные здания,Уплотнение грунта,каток малогабаритный,обязательная,https://meganorm.ru/Data2/1/4293839/4293839877.htm
ДОУ,Уплотнение грунта,каток малогабаритный,обязательная,https://meganorm.ru/Data2/1/4293839/4293839877.htm
Офисно-деловой центр,Уплотнение грунта,каток малогабаритный,обязательная,https://meganorm.ru/Data2/1/4293839/4293839877.htm
Дороги,Уплотнение грунта,каток малогабаритный,обязательная,https://meganorm.ru/Data2/1/4293839/4293839877.htm
Образование,Уплотнение грунта,электротрамбовка,рекомендованная,https://meganorm.ru/Data2/1/4293839/4293839877.htm
Здравоохранение,Уплотнение грунта,электротрамбовка,рекомендованная,https://meganorm.ru/Data2/1/4293839/4293839877.htm
Спорт,Уплотнение грунта,электротрамбовка,рекомендованная,https://meganorm.ru/Data2/1/4293839/4293839877.htm
Культура,Уплотнение грунта,электротрамбовка,рекомендованная,https://meganorm.ru/Data2/1/4293839/4293839877.htm
Административные здания,Уплотнение грунта,электротрамбовка,рекомендованная,https://meganorm.ru/Data2/1/4293839/4293839877.htm
ДОУ,Уплотнение грунта,электротрамбовка,рекомендованная,https://meganorm.ru/Data2/1/4293839/4293839877.htm
Офисно-деловой центр,Уплотнение грунта,электротрамбовка,рекомендованная,https://meganorm.ru/Data2/1/4293839/4293839877.htm
Дороги,Уплотнение грунта,электротрамбовка,рекомендованная,https://meganorm.ru/Data2/1/4293839/4293839877.htm
Дороги,Основание нижнего слоя дорожной одежды (в т.ч. Песчано-подстилающий слой),бульдозер,обязательная,https://meganorm.ru/Data2/1/4293839/4293839874.htm
Дороги,Основание нижнего слоя дорожной одежды (в т.ч. Песчано-подстилающий слой),каток,обязательная,https://meganorm.ru/Data2/1/4293839/4293839874.htm
Дороги,Основание нижнего слоя дорожной одежды (в т.ч. Песчано-подстилающий слой),автомобиль-самосвал,обязательная,https://meganorm.ru/Data2/1/4293839/4293839874.htm
Дороги,Основание нижнего слоя дорожной одежды (в т.ч. Песчано-подстилающий слой),поливомоечная машина,рекомендованная,https://meganorm.ru/Data2/1/4293839/4293839874.htm
Дороги,Основание нижнего слоя дорожной одежды (в т.ч. Песчано-подстилающий слой),виброплита,рекомендованная,https://meganorm.ru/Data2/1/4293839/4293839874.htm
Дороги,Устройство нижнего слоя основания дорожной одежды,бульдозер,обязательная,https://meganorm.ru/Data2/1/4293839/4293839874.htm
Дороги,Устройство нижнего слоя основания дорожной одежды,каток,обязательная,https://meganorm.ru/Data2/1/4293839/4293839874.htm
Дороги,Устройство нижнего слоя основания дорожной одежды,автомобиль-самосвал,обязательная,https://meganorm.ru/Data2/1/4293839/4293839874.htm
Дороги,Устройство нижнего слоя основания дорожной одежды,поливомоечная машина,рекомендованная,https://meganorm.ru/Data2/1/4293839/4293839874.htm
Дороги,Устройство нижнего слоя основания дорожной одежды,виброплита,рекомендованная,https://meganorm.ru/Data2/1/4293839/4293839874.htm
Дороги,Планировка нижнего слоя основания дорожной одежды,бульдозер,обязательная,https://meganorm.ru/Data2/1/4293839/4293839874.htm
Дороги,Уплотнение нижнего слоя основания дорожной одежды,каток,обязательная,https://meganorm.ru/Data2/1/4293839/4293839874.htm
Жильё,Песчаное основание,каток,обязательная,https://meganorm.ru/Data2/1/4293839/4293839874.htm
Образование,Песчаное основание,каток,обязательная,https://meganorm.ru/Data2/1/4293839/4293839874.htm
Здравоохранение,Песчаное основание,каток,обязательная,https://meganorm.ru/Data2/1/4293839/4293839874.htm
Спорт,Песчаное основание,каток,обязательная,https://meganorm.ru/Data2/1/4293839/4293839874.htm
Культура,Песчаное основание,каток,обязательная,https://meganorm.ru/Data2/1/4293839/4293839874.htm
Административные здания,Песчаное основание,каток,обязательная,https://meganorm.ru/Data2/1/4293839/4293839874.htm
ДОУ,Песчаное основание,каток,обязательная,https://meganorm.ru/Data2/1/4293839/4293839874.htm
Офисно-деловой центр,Песчаное основание,каток,обязательная,https://meganorm.ru/Data2/1/4293839/4293839874.htm
Дороги,Песчаное основание,каток,обязательная,https://meganorm.ru/Data2/1/4293839/4293839874.htm
Жильё,Песчаное основание,бульдозер,обязательная,https://meganorm.ru/Data2/1/4293839/4293839874.htm
Образование,Песчаное основание,бульдозер,обязательная,https://meganorm.ru/Data2/1/4293839/4293839874.htm
Здравоохранение,Песчаное основание,бульдозер,обязательная,https://meganorm.ru/Data2/1/4293839/4293839874.htm
Спорт,Песчаное основание,бульдозер,обязательная,https://meganorm.ru/Data2/1/4293839/4293839874.htm
Культура,Песчаное основание,бульдозер,обязательная,https://meganorm.ru/Data2/1/4293839/4293839874.htm
Административные здания,Песчаное основание,бульдозер,обязательная,https://meganorm.ru/Data2/1/4293839/4293839874.htm
ДОУ,Песчаное основание,бульдозер,обязательная,https://meganorm.ru/Data2/1/4293839/4293839874.htm
Офисно-деловой центр,Песчаное основание,бульдозер,обязательная,https://meganorm.ru/Data2/1/4293839/4293839874.htm
Дороги,Песчаное основание,бульдозер,обязательная,https://meganorm.ru/Data2/1/4293839/4293839874.htm
Жильё,Устройство песчаной подготовки,каток,обязательная,https://meganorm.ru/Data2/1/4293839/4293839874.htm
Образование,Устройство песчаной подготовки,каток,обязательная,https://meganorm.ru/Data2/1/4293839/4293839874.htm
Здравоохранение,Устройство песчаной подготовки,каток,обязательная,https://meganorm.ru/Data2/1/4293839/4293839874.htm
Спорт,Устройство песчаной подготовки,каток,обязательная,https://meganorm.ru/Data2/1/4293839/4293839874.htm
Культура,Устройство песчаной подготовки,каток,обязательная,https://meganorm.ru/Data2/1/4293839/4293839874.htm
Административные здания,Устройство песчаной подготовки,каток,обязательная,https://meganorm.ru/Data2/1/4293839/4293839874.htm
ДОУ,Устройство песчаной подготовки,каток,обязательная,https://meganorm.ru/Data2/1/4293839/4293839874.htm
Офисно-деловой центр,Устройство песчаной подготовки,каток,обязательная,https://meganorm.ru/Data2/1/4293839/4293839874.htm
Дороги,Устройство песчаной подготовки,каток,обязательная,https://meganorm.ru/Data2/1/4293839/4293839874.htm
Жильё,Устройство песчаной подготовки,виброплита,рекомендованная,https://meganorm.ru/Data2/1/4293839/4293839874.htm
Образование,Устройство песчаной подготовки,виброплита,рекомендованная,https://meganorm.ru/Data2/1/4293839/4293839874.htm
Здравоохранение,Устройство песчаной подготовки,виброплита,рекомендованная,https://meganorm.ru/Data2/1/4293839/4293839874.htm
Спорт,Устройство песчаной подготовки,виброплита,рекомендованная,https://meganorm.ru/Data2/1/4293839/4293839874.htm
Культура,Устройство песчаной подготовки,виброплита,рекомендованная,https://meganorm.ru/Data2/1/4293839/4293839874.htm
Административные здания,Устройство песчаной подготовки,виброплита,рекомендованная,https://meganorm.ru/Data2/1/4293839/4293839874.htm
ДОУ,Устройство песчаной подготовки,виброплита,рекомендованная,https://meganorm.ru/Data2/1/4293839/4293839874.htm
Офисно-деловой центр,Устройство песчаной подготовки,виброплита,рекомендованная,https://meganorm.ru/Data2/1/4293839/4293839874.htm
Дороги,Устройство песчаной подготовки,виброплита,рекомендованная,https://meganorm.ru/Data2/1/4293839/4293839874.htm
Жильё,Устройство щебеночного основания,каток,обязательная,https://meganorm.ru/Data2/1/4293839/4293839874.htm
Образование,Устройство щебеночного основания,каток,обязательная,https://meganorm.ru/Data2/1/4293839/4293839874.htm
Здравоохранение,Устройство щебеночного основания,каток,обязательная,https://meganorm.ru/Data2/1/4293839/4293839874.htm
Спорт,Устройство щебеночного основания,каток,обязательная,https://meganorm.ru/Data2/1/4293839/4293839874.htm
Культура,Устройство щебеночного основания,каток,обязательная,https://meganorm.ru/Data2/1/4293839/4293839874.htm
Административные здания,Устройство щебеночного основания,каток,обязательная,https://meganorm.ru/Data2/1/4293839/4293839874.htm
ДОУ,Устройство щебеночного основания,каток,обязательная,https://meganorm.ru/Data2/1/4293839/4293839874.htm
Офисно-деловой центр,Устройство щебеночного основания,каток,обязательная,https://meganorm.ru/Data2/1/4293839/4293839874.htm
Дороги,Устройство щебеночного основания,каток,обязательная,https://meganorm.ru/Data2/1/4293839/4293839874.htm
Жильё,Устройство щебеночного основания,бульдозер,обязательная,https://meganorm.ru/Data2/1/4293839/4293839874.htm
Образование,Устройство щебеночного основания,бульдозер,обязательная,https://meganorm.ru/Data2/1/4293839/4293839874.htm
Здравоохранение,Устройство щебеночного основания,бульдозер,обязательная,https://meganorm.ru/Data2/1/4293839/4293839874.htm
Спорт,Устройство щебеночного основания,бульдозер,обязательная,https://meganorm.ru/Data2/1/4293839/4293839874.htm
Культура,Устройство щебеночного основания,бульдозер,обязательная,https://meganorm.ru/Data2/1/4293839/4293839874.htm
Административные здания,Устройство щебеночного основания,бульдозер,обязательная,https://meganorm.ru/Data2/1/4293839/4293839874.htm
ДОУ,Устройство щебеночного основания,бульдозер,обязательная,https://meganorm.ru/Data2/1/4293839/4293839874.htm
Офисно-деловой центр,Устройство щебеночного основания,бульдозер,обязательная,https://meganorm.ru/Data2/1/4293839/4293839874.htm
Дороги,Устройство щебеночного основания,бульдозер,обязательная,https://meganorm.ru/Data2/1/4293839/4293839874.htm
Жильё,"Устройство асфальтобетонного покрытия проездов, тротуаров, площадок с установкой бортового камня",асфальтоукладчик,обязательная,https://meganorm.ru/Data2/1/4293839/4293839870.htm
Образование,"Устройство асфальтобетонного покрытия проездов, тротуаров, площадок с установкой бортового камня",асфальтоукладчик,обязательная,https://meganorm.ru/Data2/1/4293839/4293839870.htm
Здравоохранение,"Устройство асфальтобетонного покрытия проездов, тротуаров, площадок с установкой бортового камня",асфальтоукладчик,обязательная,https://meganorm.ru/Data2/1/4293839/4293839870.htm
Спорт,"Устройство асфальтобетонного покрытия проездов, тротуаров, площадок с установкой бортового камня",асфальтоукладчик,обязательная,https://meganorm.ru/Data2/1/4293839/4293839870.htm
Культура,"Устройство асфальтобетонного покрытия проездов, тротуаров, площадок с установкой бортового камня",асфальтоукладчик,обязательная,https://meganorm.ru/Data2/1/4293839/4293839870.htm
Административные здания,"Устройство асфальтобетонного покрытия проездов, тротуаров, площадок с установкой бортового камня",асфальтоукладчик,обязательная,https://meganorm.ru/Data2/1/4293839/4293839870.htm
ДОУ,"Устройство асфальтобетонного покрытия проездов, тротуаров, площадок с установкой бортового камня",асфальтоукладчик,обязательная,https://meganorm.ru/Data2/1/4293839/4293839870.htm
Офисно-деловой центр,"Устройство асфальтобетонного покрытия проездов, тротуаров, площадок с установкой бортового камня",асфальтоукладчик,обязательная,https://meganorm.ru/Data2/1/4293839/4293839870.htm
Жильё,"Устройство асфальтобетонного покрытия проездов, тротуаров, площадок с установкой бортового камня",каток,обязательная,https://meganorm.ru/Data2/1/4293839/4293839870.htm
Образование,"Устройство асфальтобетонного покрытия проездов, тротуаров, площадок с установкой бортового камня",каток,обязательная,https://meganorm.ru/Data2/1/4293839/4293839870.htm
Здравоохранение,"Устройство асфальтобетонного покрытия проездов, тротуаров, площадок с установкой бортового камня",каток,обязательная,https://meganorm.ru/Data2/1/4293839/4293839870.htm
Спорт,"Устройство асфальтобетонного покрытия проездов, тротуаров, площадок с установкой бортового камня",каток,обязательная,https://meganorm.ru/Data2/1/4293839/4293839870.htm
Культура,"Устройство асфальтобетонного покрытия проездов, тротуаров, площадок с установкой бортового камня",каток,обязательная,https://meganorm.ru/Data2/1/4293839/4293839870.htm
Административные здания,"Устройство асфальтобетонного покрытия проездов, тротуаров, площадок с установкой бортового камня",каток,обязательная,https://meganorm.ru/Data2/1/4293839/4293839870.htm
ДОУ,"Устройство асфальтобетонного покрытия проездов, тротуаров, площадок с установкой бортового камня",каток,обязательная,https://meganorm.ru/Data2/1/4293839/4293839870.htm
Офисно-деловой центр,"Устройство асфальтобетонного покрытия проездов, тротуаров, площадок с установкой бортового камня",каток,обязательная,https://meganorm.ru/Data2/1/4293839/4293839870.htm
Жильё,"Устройство асфальтобетонного покрытия проездов, тротуаров, площадок с установкой бортового камня",автогудронатор,обязательная,https://meganorm.ru/Data2/1/4293839/4293839870.htm
Образование,"Устройство асфальтобетонного покрытия проездов, тротуаров, площадок с установкой бортового камня",автогудронатор,обязательная,https://meganorm.ru/Data2/1/4293839/4293839870.htm
Здравоохранение,"Устройство асфальтобетонного покрытия проездов, тротуаров, площадок с установкой бортового камня",автогудронатор,обязательная,https://meganorm.ru/Data2/1/4293839/4293839870.htm
Спорт,"Устройство асфальтобетонного покрытия проездов, тротуаров, площадок с установкой бортового камня",автогудронатор,обязательная,https://meganorm.ru/Data2/1/4293839/4293839870.htm
Культура,"Устройство асфальтобетонного покрытия проездов, тротуаров, площадок с установкой бортового камня",автогудронатор,обязательная,https://meganorm.ru/Data2/1/4293839/4293839870.htm
Административные здания,"Устройство асфальтобетонного покрытия проездов, тротуаров, площадок с установкой бортового камня",автогудронатор,обязательная,https://meganorm.ru/Data2/1/4293839/4293839870.htm
ДОУ,"Устройство асфальтобетонного покрытия проездов, тротуаров, площадок с установкой бортового камня",автогудронатор,обязательная,https://meganorm.ru/Data2/1/4293839/4293839870.htm
Офисно-деловой центр,"Устройство асфальтобетонного покрытия проездов, тротуаров, площадок с установкой бортового камня",автогудронатор,обязательная,https://meganorm.ru/Data2/1/4293839/4293839870.htm
Жильё,"Устройство асфальтобетонного покрытия проездов, тротуаров, площадок с установкой бортового камня",автосамосвал,обязательная,https://meganorm.ru/Data2/1/4293839/4293839870.htm
Образование,"Устройство асфальтобетонного покрытия проездов, тротуаров, площадок с установкой бортового камня",автосамосвал,обязательная,https://meganorm.ru/Data2/1/4293839/4293839870.htm
Здравоохранение,"Устройство асфальтобетонного покрытия проездов, тротуаров, площадок с установкой бортового камня",автосамосвал,обязательная,https://meganorm.ru/Data2/1/4293839/4293839870.htm
Спорт,"Устройство асфальтобетонного покрытия проездов, тротуаров, площадок с установкой бортового камня",автосамосвал,обязательная,https://meganorm.ru/Data2/1/4293839/4293839870.htm
Культура,"Устройство асфальтобетонного покрытия проездов, тротуаров, площадок с установкой бортового камня",автосамосвал,обязательная,https://meganorm.ru/Data2/1/4293839/4293839870.htm
Административные здания,"Устройство асфальтобетонного покрытия проездов, тротуаров, площадок с установкой бортового камня",автосамосвал,обязательная,https://meganorm.ru/Data2/1/4293839/4293839870.htm
ДОУ,"Устройство асфальтобетонного покрытия проездов, тротуаров, площадок с установкой бортового камня",автосамосвал,обязательная,https://meganorm.ru/Data2/1/4293839/4293839870.htm
Офисно-деловой центр,"Устройство асфальтобетонного покрытия проездов, тротуаров, площадок с установкой бортового камня",автосамосвал,обязательная,https://meganorm.ru/Data2/1/4293839/4293839870.htm
Жильё,"Устройство асфальтобетонного покрытия проездов, тротуаров, площадок с установкой бортового камня",поливомоечная машина,рекомендованная,https://meganorm.ru/Data2/1/4293839/4293839870.htm
Образование,"Устройство асфальтобетонного покрытия проездов, тротуаров, площадок с установкой бортового камня",поливомоечная машина,рекомендованная,https://meganorm.ru/Data2/1/4293839/4293839870.htm
Здравоохранение,"Устройство асфальтобетонного покрытия проездов, тротуаров, площадок с установкой бортового камня",поливомоечная машина,рекомендованная,https://meganorm.ru/Data2/1/4293839/4293839870.htm
Спорт,"Устройство асфальтобетонного покрытия проездов, тротуаров, площадок с установкой бортового камня",поливомоечная машина,рекомендованная,https://meganorm.ru/Data2/1/4293839/4293839870.htm
Культура,"Устройство асфальтобетонного покрытия проездов, тротуаров, площадок с установкой бортового камня",поливомоечная машина,рекомендованная,https://meganorm.ru/Data2/1/4293839/4293839870.htm
Административные здания,"Устройство асфальтобетонного покрытия проездов, тротуаров, площадок с установкой бортового камня",поливомоечная машина,рекомендованная,https://meganorm.ru/Data2/1/4293839/4293839870.htm
ДОУ,"Устройство асфальтобетонного покрытия проездов, тротуаров, площадок с установкой бортового камня",поливомоечная машина,рекомендованная,https://meganorm.ru/Data2/1/4293839/4293839870.htm
Офисно-деловой центр,"Устройство асфальтобетонного покрытия проездов, тротуаров, площадок с установкой бортового камня",поливомоечная машина,рекомендованная,https://meganorm.ru/Data2/1/4293839/4293839870.htm
Жильё,"Устройство асфальтобетонного покрытия проездов, тротуаров, площадок с установкой бортового камня",вибротрамбовка,рекомендованная,https://meganorm.ru/Data2/1/4293839/4293839870.htm
Образование,"Устройство асфальтобетонного покрытия проездов, тротуаров, площадок с установкой бортового камня",вибротрамбовка,рекомендованная,https://meganorm.ru/Data2/1/4293839/4293839870.htm
Здравоохранение,"Устройство асфальтобетонного покрытия проездов, тротуаров, площадок с установкой бортового камня",вибротрамбовка,рекомендованная,https://meganorm.ru/Data2/1/4293839/4293839870.htm
Спорт,"Устройство асфальтобетонного покрытия проездов, тротуаров, площадок с установкой бортового камня",вибротрамбовка,рекомендованная,https://meganorm.ru/Data2/1/4293839/4293839870.htm
Культура,"Устройство асфальтобетонного покрытия проездов, тротуаров, площадок с установкой бортового камня",вибротрамбовка,рекомендованная,https://meganorm.ru/Data2/1/4293839/4293839870.htm
Административные здания,"Устройство асфальтобетонного покрытия проездов, тротуаров, площадок с установкой бортового камня",вибротрамбовка,рекомендованная,https://meganorm.ru/Data2/1/4293839/4293839870.htm
ДОУ,"Устройство асфальтобетонного покрытия проездов, тротуаров, площадок с установкой бортового камня",вибротрамбовка,рекомендованная,https://meganorm.ru/Data2/1/4293839/4293839870.htm
Офисно-деловой центр,"Устройство асфальтобетонного покрытия проездов, тротуаров, площадок с установкой бортового камня",вибротрамбовка,рекомендованная,https://meganorm.ru/Data2/1/4293839/4293839870.htm
Жильё,Устройство проездов и тротуаров,асфальтоукладчик,обязательная,https://meganorm.ru/Data2/1/4293839/4293839870.htm
Образование,Устройство проездов и тротуаров,асфальтоукладчик,обязательная,https://meganorm.ru/Data2/1/4293839/4293839870.htm
Здравоохранение,Устройство проездов и тротуаров,асфальтоукладчик,обязательная,https://meganorm.ru/Data2/1/4293839/4293839870.htm
Спорт,Устройство проездов и тротуаров,асфальтоукладчик,обязательная,https://meganorm.ru/Data2/1/4293839/4293839870.htm
Культура,Устройство проездов и тротуаров,асфальтоукладчик,обязательная,https://meganorm.ru/Data2/1/4293839/4293839870.htm
Административные здания,Устройство проездов и тротуаров,асфальтоукладчик,обязательная,https://meganorm.ru/Data2/1/4293839/4293839870.htm
ДОУ,Устройство проездов и тротуаров,асфальтоукладчик,обязательная,https://meganorm.ru/Data2/1/4293839/4293839870.htm
Офисно-деловой центр,Устройство проездов и тротуаров,асфальтоукладчик,обязательная,https://meganorm.ru/Data2/1/4293839/4293839870.htm
Дороги,Устройство проездов и тротуаров,асфальтоукладчик,обязательная,https://meganorm.ru/Data2/1/4293839/4293839870.htm
Жильё,Устройство проездов и тротуаров,каток,обязательная,https://meganorm.ru/Data2/1/4293839/4293839870.htm
Образование,Устройство проездов и тротуаров,каток,обязательная,https://meganorm.ru/Data2/1/4293839/4293839870.htm
Здравоохранение,Устройство проездов и тротуаров,каток,обязательная,https://meganorm.ru/Data2/1/4293839/4293839870.htm
Спорт,Устройство проездов и тротуаров,каток,обязательная,https://meganorm.ru/Data2/1/4293839/4293839870.htm
Культура,Устройство проездов и тротуаров,каток,обязательная,https://meganorm.ru/Data2/1/4293839/4293839870.htm
Административные здания,Устройство проездов и тротуаров,каток,обязательная,https://meganorm.ru/Data2/1/4293839/4293839870.htm
ДОУ,Устройство проездов и тротуаров,каток,обязательная,https://meganorm.ru/Data2/1/4293839/4293839870.htm
Офисно-деловой центр,Устройство проездов и тротуаров,каток,обязательная,https://meganorm.ru/Data2/1/4293839/4293839870.htm
Дороги,Устройство проездов и тротуаров,каток,обязательная,https://meganorm.ru/Data2/1/4293839/4293839870.htm
Жильё,Устройство проездов и тротуаров,автогудронатор,обязательная,https://meganorm.ru/Data2/1/4293839/4293839870.htm
Образование,Устройство проездов и тротуаров,автогудронатор,обязательная,https://meganorm.ru/Data2/1/4293839/4293839870.htm
Здравоохранение,Устройство проездов и тротуаров,автогудронатор,обязательная,https://meganorm.ru/Data2/1/4293839/4293839870.htm
Спорт,Устройство проездов и тротуаров,автогудронатор,обязательная,https://meganorm.ru/Data2/1/4293839/4293839870.htm
Культура,Устройство проездов и тротуаров,автогудронатор,обязательная,https://meganorm.ru/Data2/1/4293839/4293839870.htm
Административные здания,Устройство проездов и тротуаров,автогудронатор,обязательная,https://meganorm.ru/Data2/1/4293839/4293839870.htm
ДОУ,Устройство проездов и тротуаров,автогудронатор,обязательная,https://meganorm.ru/Data2/1/4293839/4293839870.htm
Офисно-деловой центр,Устройство проездов и тротуаров,автогудронатор,обязательная,https://meganorm.ru/Data2/1/4293839/4293839870.htm
Дороги,Устройство проездов и тротуаров,автогудронатор,обязательная,https://meganorm.ru/Data2/1/4293839/4293839870.htm
Жильё,Устройство проездов и тротуаров,автосамосвал,обязательная,https://meganorm.ru/Data2/1/4293839/4293839870.htm
Образование,Устройство проездов и тротуаров,автосамосвал,обязательная,https://meganorm.ru/Data2/1/4293839/4293839870.htm
Здравоохранение,Устройство проездов и тротуаров,автосамосвал,обязательная,https://meganorm.ru/Data2/1/4293839/4293839870.htm
Спорт,Устройство проездов и тротуаров,автосамосвал,обязательная,https://meganorm.ru/Data2/1/4293839/4293839870.htm
Культура,Устройство проездов и тротуаров,автосамосвал,обязательная,https://meganorm.ru/Data2/1/4293839/4293839870.htm
Административные здания,Устройство проездов и тротуаров,автосамосвал,обязательная,https://meganorm.ru/Data2/1/4293839/4293839870.htm
ДОУ,Устройство проездов и тротуаров,автосамосвал,обязательная,https://meganorm.ru/Data2/1/4293839/4293839870.htm
Офисно-деловой центр,Устройство проездов и тротуаров,автосамосвал,обязательная,https://meganorm.ru/Data2/1/4293839/4293839870.htm
Дороги,Устройство проездов и тротуаров,автосамосвал,обязательная,https://meganorm.ru/Data2/1/4293839/4293839870.htm
Жильё,Устройство проездов и тротуаров,поливомоечная машина,рекомендованная,https://meganorm.ru/Data2/1/4293839/4293839870.htm
Образование,Устройство проездов и тротуаров,поливомоечная машина,рекомендованная,https://meganorm.ru/Data2/1/4293839/4293839870.htm
Здравоохранение,Устройство проездов и тротуаров,поливомоечная машина,рекомендованная,https://meganorm.ru/Data2/1/4293839/4293839870.htm
Спорт,Устройство проездов и тротуаров,поливомоечная машина,рекомендованная,https://meganorm.ru/Data2/1/4293839/4293839870.htm
Культура,Устройство проездов и тротуаров,поливомоечная машина,рекомендованная,https://meganorm.ru/Data2/1/4293839/4293839870.htm
Административные здания,Устройство проездов и тротуаров,поливомоечная машина,рекомендованная,https://meganorm.ru/Data2/1/4293839/4293839870.htm
ДОУ,Устройство проездов и тротуаров,поливомоечная машина,рекомендованная,https://meganorm.ru/Data2/1/4293839/4293839870.htm
Офисно-деловой центр,Устройство проездов и тротуаров,поливомоечная машина,рекомендованная,https://meganorm.ru/Data2/1/4293839/4293839870.htm
Дороги,Устройство проездов и тротуаров,поливомоечная машина,рекомендованная,https://meganorm.ru/Data2/1/4293839/4293839870.htm
Жильё,Устройство проездов и тротуаров,вибротрамбовка,рекомендованная,https://meganorm.ru/Data2/1/4293839/4293839870.htm
Образование,Устройство проездов и тротуаров,вибротрамбовка,рекомендованная,https://meganorm.ru/Data2/1/4293839/4293839870.htm
Здравоохранение,Устройство проездов и тротуаров,вибротрамбовка,рекомендованная,https://meganorm.ru/Data2/1/4293839/4293839870.htm
Спорт,Устройство проездов и тротуаров,вибротрамбовка,рекомендованная,https://meganorm.ru/Data2/1/4293839/4293839870.htm
Культура,Устройство проездов и тротуаров,вибротрамбовка,рекомендованная,https://meganorm.ru/Data2/1/4293839/4293839870.htm
Административные здания,Устройство проездов и тротуаров,вибротрамбовка,рекомендованная,https://meganorm.ru/Data2/1/4293839/4293839870.htm
ДОУ,Устройство проездов и тротуаров,вибротрамбовка,рекомендованная,https://meganorm.ru/Data2/1/4293839/4293839870.htm
Офисно-деловой центр,Устройство проездов и тротуаров,вибротрамбовка,рекомендованная,https://meganorm.ru/Data2/1/4293839/4293839870.htm
Дороги,Устройство проездов и тротуаров,вибротрамбовка,рекомендованная,https://meganorm.ru/Data2/1/4293839/4293839870.htm
Образование,"Ограждающие конструкции (СВГ,БСС)",экскаватор с грейфером,обязательная,https://meganorm.ru/Data2/1/4293839/4293839881.htm
Здравоохранение,"Ограждающие конструкции (СВГ,БСС)",экскаватор с грейфером,обязательная,https://meganorm.ru/Data2/1/4293839/4293839881.htm
Спорт,"Ограждающие конструкции (СВГ,БСС)",экскаватор с грейфером,обязательная,https://meganorm.ru/Data2/1/4293839/4293839881.htm
Культура,"Ограждающие конструкции (СВГ,БСС)",экскаватор с грейфером,обязательная,https://meganorm.ru/Data2/1/4293839/4293839881.htm
Административные здания,"Ограждающие конструкции (СВГ,БСС)",экскаватор с грейфером,обязательная,https://meganorm.ru/Data2/1/4293839/4293839881.htm
ДОУ,"Ограждающие конструкции (СВГ,БСС)",экскаватор с грейфером,обязательная,https://meganorm.ru/Data2/1/4293839/4293839881.htm
Офисно-деловой центр,"Ограждающие конструкции (СВГ,БСС)",экскаватор с грейфером,обязательная,https://meganorm.ru/Data2/1/4293839/4293839881.htm
Образование,"Ограждающие конструкции (СВГ,БСС)",кран гусеничный,обязательная,https://meganorm.ru/Data2/1/4293839/4293839881.htm
Здравоохранение,"Ограждающие конструкции (СВГ,БСС)",кран гусеничный,обязательная,https://meganorm.ru/Data2/1/4293839/4293839881.htm
Спорт,"Ограждающие конструкции (СВГ,БСС)",кран гусеничный,обязательная,https://meganorm.ru/Data2/1/4293839/4293839881.htm
Культура,"Ограждающие конструкции (СВГ,БСС)",кран гусеничный,обязательная,https://meganorm.ru/Data2/1/4293839/4293839881.htm
Административные здания,"Ограждающие конструкции (СВГ,БСС)",кран гусеничный,обязательная,https://meganorm.ru/Data2/1/4293839/4293839881.htm
ДОУ,"Ограждающие конструкции (СВГ,БСС)",кран гусеничный,обязательная,https://meganorm.ru/Data2/1/4293839/4293839881.htm
Офисно-деловой центр,"Ограждающие конструкции (СВГ,БСС)",кран гусеничный,обязательная,https://meganorm.ru/Data2/1/4293839/4293839881.htm
Образование,"Ограждающие конструкции (СВГ,БСС)",растворосмеситель,обязательная,https://meganorm.ru/Data2/1/4293839/4293839881.htm
Здравоохранение,"Ограждающие конструкции (СВГ,БСС)",растворосмеситель,обязательная,https://meganorm.ru/Data2/1/4293839/4293839881.htm
Спорт,"Ограждающие конструкции (СВГ,БСС)",растворосмеситель,обязательная,https://meganorm.ru/Data2/1/4293839/4293839881.htm
Культура,"Ограждающие конструкции (СВГ,БСС)",растворосмеситель,обязательная,https://meganorm.ru/Data2/1/4293839/4293839881.htm
Административные здания,"Ограждающие конструкции (СВГ,БСС)",растворосмеситель,обязательная,https://meganorm.ru/Data2/1/4293839/4293839881.htm
ДОУ,"Ограждающие конструкции (СВГ,БСС)",растворосмеситель,обязательная,https://meganorm.ru/Data2/1/4293839/4293839881.htm
Офисно-деловой центр,"Ограждающие конструкции (СВГ,БСС)",растворосмеситель,обязательная,https://meganorm.ru/Data2/1/4293839/4293839881.htm
Образование,"Ограждающие конструкции (СВГ,БСС)",растворонасос,обязательная,https://meganorm.ru/Data2/1/4293839/4293839881.htm
Здравоохранение,"Ограждающие конструкции (СВГ,БСС)",растворонасос,обязательная,https://meganorm.ru/Data2/1/4293839/4293839881.htm
Спорт,"Ограждающие конструкции (СВГ,БСС)",растворонасос,обязательная,https://meganorm.ru/Data2/1/4293839/4293839881.htm
Культура,"Ограждающие конструкции (СВГ,БСС)",растворонасос,обязательная,https://meganorm.ru/Data2/1/4293839/4293839881.htm
Административные здания,"Ограждающие конструкции (СВГ,БСС)",растворонасос,обязательная,https://meganorm.ru/Data2/1/4293839/4293839881.htm
ДОУ,"Ограждающие конструкции (СВГ,БСС)",растворонасос,обязательная,https://meganorm.ru/Data2/1/4293839/4293839881.htm
Офисно-деловой центр,"Ограждающие конструкции (СВГ,БСС)",растворонасос,обязательная,https://meganorm.ru/Data2/1/4293839/4293839881.htm
Образование,"Ограждающие конструкции (СВГ,БСС)",автосамосвал,обязательная,https://meganorm.ru/Data2/1/4293839/4293839881.htm
Здравоохранение,"Ограждающие конструкции (СВГ,БСС)",автосамосвал,обязательная,https://meganorm.ru/Data2/1/4293839/4293839881.htm
Спорт,"Ограждающие конструкции (СВГ,БСС)",автосамосвал,обязательная,https://meganorm.ru/Data2/1/4293839/4293839881.htm
Культура,"Ограждающие конструкции (СВГ,БСС)",автосамосвал,обязательная,https://meganorm.ru/Data2/1/4293839/4293839881.htm
Административные здания,"Ограждающие конструкции (СВГ,БСС)",автосамосвал,обязательная,https://meganorm.ru/Data2/1/4293839/4293839881.htm
ДОУ,"Ограждающие конструкции (СВГ,БСС)",автосамосвал,обязательная,https://meganorm.ru/Data2/1/4293839/4293839881.htm
Офисно-деловой центр,"Ограждающие конструкции (СВГ,БСС)",автосамосвал,обязательная,https://meganorm.ru/Data2/1/4293839/4293839881.htm
Образование,"Ограждающие конструкции (СВГ,БСС)",автокран,рекомендованная,https://meganorm.ru/Data2/1/4293839/4293839881.htm
Здравоохранение,"Ограждающие конструкции (СВГ,БСС)",автокран,рекомендованная,https://meganorm.ru/Data2/1/4293839/4293839881.htm
Спорт,"Ограждающие конструкции (СВГ,БСС)",автокран,рекомендованная,https://meganorm.ru/Data2/1/4293839/4293839881.htm
Культура,"Ограждающие конструкции (СВГ,БСС)",автокран,рекомендованная,https://meganorm.ru/Data2/1/4293839/4293839881.htm
Административные здания,"Ограждающие конструкции (СВГ,БСС)",автокран,рекомендованная,https://meganorm.ru/Data2/1/4293839/4293839881.htm
ДОУ,"Ограждающие конструкции (СВГ,БСС)",автокран,рекомендованная,https://meganorm.ru/Data2/1/4293839/4293839881.htm
Офисно-деловой центр,"Ограждающие конструкции (СВГ,БСС)",автокран,рекомендованная,https://meganorm.ru/Data2/1/4293839/4293839881.htm
Образование,"Ограждающие конструкции (СВГ,БСС)",экскаватор,обязательная,https://meganorm.ru/Data2/1/4293839/4293839884.htm
Здравоохранение,"Ограждающие конструкции (СВГ,БСС)",экскаватор,обязательная,https://meganorm.ru/Data2/1/4293839/4293839884.htm
Спорт,"Ограждающие конструкции (СВГ,БСС)",экскаватор,обязательная,https://meganorm.ru/Data2/1/4293839/4293839884.htm
Культура,"Ограждающие конструкции (СВГ,БСС)",экскаватор,обязательная,https://meganorm.ru/Data2/1/4293839/4293839884.htm
Административные здания,"Ограждающие конструкции (СВГ,БСС)",экскаватор,обязательная,https://meganorm.ru/Data2/1/4293839/4293839884.htm
ДОУ,"Ограждающие конструкции (СВГ,БСС)",экскаватор,обязательная,https://meganorm.ru/Data2/1/4293839/4293839884.htm
Офисно-деловой центр,"Ограждающие конструкции (СВГ,БСС)",экскаватор,обязательная,https://meganorm.ru/Data2/1/4293839/4293839884.htm
Образование,"Ограждающие конструкции (СВГ,БСС)",кран гусеничный,обязательная,https://meganorm.ru/Data2/1/4293839/4293839884.htm
Здравоохранение,"Ограждающие конструкции (СВГ,БСС)",кран гусеничный,обязательная,https://meganorm.ru/Data2/1/4293839/4293839884.htm
Спорт,"Ограждающие конструкции (СВГ,БСС)",кран гусеничный,обязательная,https://meganorm.ru/Data2/1/4293839/4293839884.htm
Культура,"Ограждающие конструкции (СВГ,БСС)",кран гусеничный,обязательная,https://meganorm.ru/Data2/1/4293839/4293839884.htm
Административные здания,"Ограждающие конструкции (СВГ,БСС)",кран гусеничный,обязательная,https://meganorm.ru/Data2/1/4293839/4293839884.htm
ДОУ,"Ограждающие конструкции (СВГ,БСС)",кран гусеничный,обязательная,https://meganorm.ru/Data2/1/4293839/4293839884.htm
Офисно-деловой центр,"Ограждающие конструкции (СВГ,БСС)",кран гусеничный,обязательная,https://meganorm.ru/Data2/1/4293839/4293839884.htm
Образование,"Ограждающие конструкции (СВГ,БСС)",растворосмеситель,обязательная,https://meganorm.ru/Data2/1/4293839/4293839884.htm
Здравоохранение,"Ограждающие конструкции (СВГ,БСС)",растворосмеситель,обязательная,https://meganorm.ru/Data2/1/4293839/4293839884.htm
Спорт,"Ограждающие конструкции (СВГ,БСС)",растворосмеситель,обязательная,https://meganorm.ru/Data2/1/4293839/4293839884.htm
Культура,"Ограждающие конструкции (СВГ,БСС)",растворосмеситель,обязательная,https://meganorm.ru/Data2/1/4293839/4293839884.htm
Административные здания,"Ограждающие конструкции (СВГ,БСС)",растворосмеситель,обязательная,https://meganorm.ru/Data2/1/4293839/4293839884.htm
ДОУ,"Ограждающие конструкции (СВГ,БСС)",растворосмеситель,обязательная,https://meganorm.ru/Data2/1/4293839/4293839884.htm
Офисно-деловой центр,"Ограждающие конструкции (СВГ,БСС)",растворосмеситель,обязательная,https://meganorm.ru/Data2/1/4293839/4293839884.htm
Образование,"Ограждающие конструкции (СВГ,БСС)",бетонолитное оборудование,обязательная,https://meganorm.ru/Data2/1/4293839/4293839884.htm
Здравоохранение,"Ограждающие конструкции (СВГ,БСС)",бетонолитное оборудование,обязательная,https://meganorm.ru/Data2/1/4293839/4293839884.htm
Спорт,"Ограждающие конструкции (СВГ,БСС)",бетонолитное оборудование,обязательная,https://meganorm.ru/Data2/1/4293839/4293839884.htm
Культура,"Ограждающие конструкции (СВГ,БСС)",бетонолитное оборудование,обязательная,https://meganorm.ru/Data2/1/4293839/4293839884.htm
Административные здания,"Ограждающие конструкции (СВГ,БСС)",бетонолитное оборудование,обязательная,https://meganorm.ru/Data2/1/4293839/4293839884.htm
ДОУ,"Ограждающие конструкции (СВГ,БСС)",бетонолитное оборудование,обязательная,https://meganorm.ru/Data2/1/4293839/4293839884.htm
Офисно-деловой центр,"Ограждающие конструкции (СВГ,БСС)",бетонолитное оборудование,обязательная,https://meganorm.ru/Data2/1/4293839/4293839884.htm
Образование,"Ограждающие конструкции (СВГ,БСС)",автосамосвал,обязательная,https://meganorm.ru/Data2/1/4293839/4293839884.htm
Здравоохранение,"Ограждающие конструкции (СВГ,БСС)",автосамосвал,обязательная,https://meganorm.ru/Data2/1/4293839/4293839884.htm
Спорт,"Ограждающие конструкции (СВГ,БСС)",автосамосвал,обязательная,https://meganorm.ru/Data2/1/4293839/4293839884.htm
Культура,"Ограждающие конструкции (СВГ,БСС)",автосамосвал,обязательная,https://meganorm.ru/Data2/1/4293839/4293839884.htm
Административные здания,"Ограждающие конструкции (СВГ,БСС)",автосамосвал,обязательная,https://meganorm.ru/Data2/1/4293839/4293839884.htm
ДОУ,"Ограждающие конструкции (СВГ,БСС)",автосамосвал,обязательная,https://meganorm.ru/Data2/1/4293839/4293839884.htm
Офисно-деловой центр,"Ограждающие конструкции (СВГ,БСС)",автосамосвал,обязательная,https://meganorm.ru/Data2/1/4293839/4293839884.htm
Жильё,Устройство фундамента,башенный кран,обязательная,https://files.stroyinf.ru/Data1/44/44831/index.htm
Образование,Устройство фундамента,башенный кран,обязательная,https://files.stroyinf.ru/Data1/44/44831/index.htm
Здравоохранение,Устройство фундамента,башенный кран,обязательная,https://files.stroyinf.ru/Data1/44/44831/index.htm
Спорт,Устройство фундамента,башенный кран,обязательная,https://files.stroyinf.ru/Data1/44/44831/index.htm
Культура,Устройство фундамента,башенный кран,обязательная,https://files.stroyinf.ru/Data1/44/44831/index.htm
Административные здания,Устройство фундамента,башенный кран,обязательная,https://files.stroyinf.ru/Data1/44/44831/index.htm
ДОУ,Устройство фундамента,башенный кран,обязательная,https://files.stroyinf.ru/Data1/44/44831/index.htm
Офисно-деловой центр,Устройство фундамента,башенный кран,обязательная,https://files.stroyinf.ru/Data1/44/44831/index.htm
Жильё,Устройство фундамента,автобетононасос,обязательная,https://files.stroyinf.ru/Data1/44/44831/index.htm
Образование,Устройство фундамента,автобетононасос,обязательная,https://files.stroyinf.ru/Data1/44/44831/index.htm
Здравоохранение,Устройство фундамента,автобетононасос,обязательная,https://files.stroyinf.ru/Data1/44/44831/index.htm
Спорт,Устройство фундамента,автобетононасос,обязательная,https://files.stroyinf.ru/Data1/44/44831/index.htm
Культура,Устройство фундамента,автобетононасос,обязательная,https://files.stroyinf.ru/Data1/44/44831/index.htm
Административные здания,Устройство фундамента,автобетононасос,обязательная,https://files.stroyinf.ru/Data1/44/44831/index.htm
ДОУ,Устройство фундамента,автобетононасос,обязательная,https://files.stroyinf.ru/Data1/44/44831/index.htm
Офисно-деловой центр,Устройство фундамента,автобетононасос,обязательная,https://files.stroyinf.ru/Data1/44/44831/index.htm
Жильё,Устройство фундаментной плиты,башенный кран,обязательная,https://files.stroyinf.ru/Data1/44/44831/index.htm
Образование,Устройство фундаментной плиты,башенный кран,обязательная,https://files.stroyinf.ru/Data1/44/44831/index.htm
Здравоохранение,Устройство фундаментной плиты,башенный кран,обязательная,https://files.stroyinf.ru/Data1/44/44831/index.htm
Спорт,Устройство фундаментной плиты,башенный кран,обязательная,https://files.stroyinf.ru/Data1/44/44831/index.htm
Культура,Устройство фундаментной плиты,башенный кран,обязательная,https://files.stroyinf.ru/Data1/44/44831/index.htm
Административные здания,Устройство фундаментной плиты,башенный кран,обязательная,https://files.stroyinf.ru/Data1/44/44831/index.htm
ДОУ,Устройство фундаментной плиты,башенный кран,обязательная,https://files.stroyinf.ru/Data1/44/44831/index.htm
Офисно-деловой центр,Устройство фундаментной плиты,башенный кран,обязательная,https://files.stroyinf.ru/Data1/44/44831/index.htm
Жильё,Устройство фундаментной плиты,автобетононасос,обязательная,https://files.stroyinf.ru/Data1/44/44831/index.htm
Образование,Устройство фундаментной плиты,автобетононасос,обязательная,https://files.stroyinf.ru/Data1/44/44831/index.htm
Здравоохранение,Устройство фундаментной плиты,автобетононасос,обязательная,https://files.stroyinf.ru/Data1/44/44831/index.htm
Спорт,Устройство фундаментной плиты,автобетононасос,обязательная,https://files.stroyinf.ru/Data1/44/44831/index.htm
Культура,Устройство фундаментной плиты,автобетононасос,обязательная,https://files.stroyinf.ru/Data1/44/44831/index.htm
Административные здания,Устройство фундаментной плиты,автобетононасос,обязательная,https://files.stroyinf.ru/Data1/44/44831/index.htm
ДОУ,Устройство фундаментной плиты,автобетононасос,обязательная,https://files.stroyinf.ru/Data1/44/44831/index.htm
Офисно-деловой центр,Устройство фундаментной плиты,автобетононасос,обязательная,https://files.stroyinf.ru/Data1/44/44831/index.htm
Жильё,"Устройство монолитной ж/б фундаментной плиты (плита под здание, плита под башенный кран, фундамент под оборудование), в т.ч. устройство бетонной подготовки",башенный кран,обязательная,https://files.stroyinf.ru/Data1/44/44831/index.htm
Образование,"Устройство монолитной ж/б фундаментной плиты (плита под здание, плита под башенный кран, фундамент под оборудование), в т.ч. устройство бетонной подготовки",башенный кран,обязательная,https://files.stroyinf.ru/Data1/44/44831/index.htm
Здравоохранение,"Устройство монолитной ж/б фундаментной плиты (плита под здание, плита под башенный кран, фундамент под оборудование), в т.ч. устройство бетонной подготовки",башенный кран,обязательная,https://files.stroyinf.ru/Data1/44/44831/index.htm
Спорт,"Устройство монолитной ж/б фундаментной плиты (плита под здание, плита под башенный кран, фундамент под оборудование), в т.ч. устройство бетонной подготовки",башенный кран,обязательная,https://files.stroyinf.ru/Data1/44/44831/index.htm
Культура,"Устройство монолитной ж/б фундаментной плиты (плита под здание, плита под башенный кран, фундамент под оборудование), в т.ч. устройство бетонной подготовки",башенный кран,обязательная,https://files.stroyinf.ru/Data1/44/44831/index.htm
Административные здания,"Устройство монолитной ж/б фундаментной плиты (плита под здание, плита под башенный кран, фундамент под оборудование), в т.ч. устройство бетонной подготовки",башенный кран,обязательная,https://files.stroyinf.ru/Data1/44/44831/index.htm
ДОУ,"Устройство монолитной ж/б фундаментной плиты (плита под здание, плита под башенный кран, фундамент под оборудование), в т.ч. устройство бетонной подготовки",башенный кран,обязательная,https://files.stroyinf.ru/Data1/44/44831/index.htm
Офисно-деловой центр,"Устройство монолитной ж/б фундаментной плиты (плита под здание, плита под башенный кран, фундамент под оборудование), в т.ч. устройство бетонной подготовки",башенный кран,обязательная,https://files.stroyinf.ru/Data1/44/44831/index.htm
Жильё,"Устройство монолитной ж/б фундаментной плиты (плита под здание, плита под башенный кран, фундамент под оборудование), в т.ч. устройство бетонной подготовки",автобетононасос,обязательная,https://files.stroyinf.ru/Data1/44/44831/index.htm
Образование,"Устройство монолитной ж/б фундаментной плиты (плита под здание, плита под башенный кран, фундамент под оборудование), в т.ч. устройство бетонной подготовки",автобетононасос,обязательная,https://files.stroyinf.ru/Data1/44/44831/index.htm
Здравоохранение,"Устройство монолитной ж/б фундаментной плиты (плита под здание, плита под башенный кран, фундамент под оборудование), в т.ч. устройство бетонной подготовки",автобетононасос,обязательная,https://files.stroyinf.ru/Data1/44/44831/index.htm
Спорт,"Устройство монолитной ж/б фундаментной плиты (плита под здание, плита под башенный кран, фундамент под оборудование), в т.ч. устройство бетонной подготовки",автобетононасос,обязательная,https://files.stroyinf.ru/Data1/44/44831/index.htm
Культура,"Устройство монолитной ж/б фундаментной плиты (плита под здание, плита под башенный кран, фундамент под оборудование), в т.ч. устройство бетонной подготовки",автобетононасос,обязательная,https://files.stroyinf.ru/Data1/44/44831/index.htm
Административные здания,"Устройство монолитной ж/б фундаментной плиты (плита под здание, плита под башенный кран, фундамент под оборудование), в т.ч. устройство бетонной подготовки",автобетононасос,обязательная,https://files.stroyinf.ru/Data1/44/44831/index.htm
ДОУ,"Устройство монолитной ж/б фундаментной плиты (плита под здание, плита под башенный кран, фундамент под оборудование), в т.ч. устройство бетонной подготовки",автобетононасос,обязательная,https://files.stroyinf.ru/Data1/44/44831/index.htm
Офисно-деловой центр,"Устройство монолитной ж/б фундаментной плиты (плита под здание, плита под башенный кран, фундамент под оборудование), в т.ч. устройство бетонной подготовки",автобетононасос,обязательная,https://files.stroyinf.ru/Data1/44/44831/index.htm
Жильё,Монолитные работы ниже отметки,башенный кран,обязательная,https://files.stroyinf.ru/Data1/44/44831/index.htm
Образование,Монолитные работы ниже отметки,башенный кран,обязательная,https://files.stroyinf.ru/Data1/44/44831/index.htm
Здравоохранение,Монолитные работы ниже отметки,башенный кран,обязательная,https://files.stroyinf.ru/Data1/44/44831/index.htm
Спорт,Монолитные работы ниже отметки,башенный кран,обязательная,https://files.stroyinf.ru/Data1/44/44831/index.htm
Культура,Монолитные работы ниже отметки,башенный кран,обязательная,https://files.stroyinf.ru/Data1/44/44831/index.htm
Административные здания,Монолитные работы ниже отметки,башенный кран,обязательная,https://files.stroyinf.ru/Data1/44/44831/index.htm
ДОУ,Монолитные работы ниже отметки,башенный кран,обязательная,https://files.stroyinf.ru/Data1/44/44831/index.htm
Офисно-деловой центр,Монолитные работы ниже отметки,башенный кран,обязательная,https://files.stroyinf.ru/Data1/44/44831/index.htm
Жильё,Монолитные работы ниже отметки,автобетононасос,обязательная,https://files.stroyinf.ru/Data1/44/44831/index.htm
Образование,Монолитные работы ниже отметки,автобетононасос,обязательная,https://files.stroyinf.ru/Data1/44/44831/index.htm
Здравоохранение,Монолитные работы ниже отметки,автобетононасос,обязательная,https://files.stroyinf.ru/Data1/44/44831/index.htm
Спорт,Монолитные работы ниже отметки,автобетононасос,обязательная,https://files.stroyinf.ru/Data1/44/44831/index.htm
Культура,Монолитные работы ниже отметки,автобетононасос,обязательная,https://files.stroyinf.ru/Data1/44/44831/index.htm
Административные здания,Монолитные работы ниже отметки,автобетононасос,обязательная,https://files.stroyinf.ru/Data1/44/44831/index.htm
ДОУ,Монолитные работы ниже отметки,автобетононасос,обязательная,https://files.stroyinf.ru/Data1/44/44831/index.htm
Офисно-деловой центр,Монолитные работы ниже отметки,автобетононасос,обязательная,https://files.stroyinf.ru/Data1/44/44831/index.htm
Жильё,"Устройство стен, колонн и пилонов подземного этажа",башенный кран,обязательная,https://files.stroyinf.ru/Data1/44/44831/index.htm
Образование,"Устройство стен, колонн и пилонов подземного этажа",башенный кран,обязательная,https://files.stroyinf.ru/Data1/44/44831/index.htm
Здравоохранение,"Устройство стен, колонн и пилонов подземного этажа",башенный кран,обязательная,https://files.stroyinf.ru/Data1/44/44831/index.htm
Спорт,"Устройство стен, колонн и пилонов подземного этажа",башенный кран,обязательная,https://files.stroyinf.ru/Data1/44/44831/index.htm
Культура,"Устройство стен, колонн и пилонов подземного этажа",башенный кран,обязательная,https://files.stroyinf.ru/Data1/44/44831/index.htm
Административные здания,"Устройство стен, колонн и пилонов подземного этажа",башенный кран,обязательная,https://files.stroyinf.ru/Data1/44/44831/index.htm
ДОУ,"Устройство стен, колонн и пилонов подземного этажа",башенный кран,обязательная,https://files.stroyinf.ru/Data1/44/44831/index.htm
Офисно-деловой центр,"Устройство стен, колонн и пилонов подземного этажа",башенный кран,обязательная,https://files.stroyinf.ru/Data1/44/44831/index.htm
Жильё,"Устройство стен, колонн и пилонов подземного этажа",автобетононасос,обязательная,https://files.stroyinf.ru/Data1/44/44831/index.htm
Образование,"Устройство стен, колонн и пилонов подземного этажа",автобетононасос,обязательная,https://files.stroyinf.ru/Data1/44/44831/index.htm
Здравоохранение,"Устройство стен, колонн и пилонов подземного этажа",автобетононасос,обязательная,https://files.stroyinf.ru/Data1/44/44831/index.htm
Спорт,"Устройство стен, колонн и пилонов подземного этажа",автобетононасос,обязательная,https://files.stroyinf.ru/Data1/44/44831/index.htm
Культура,"Устройство стен, колонн и пилонов подземного этажа",автобетононасос,обязательная,https://files.stroyinf.ru/Data1/44/44831/index.htm
Административные здания,"Устройство стен, колонн и пилонов подземного этажа",автобетононасос,обязательная,https://files.stroyinf.ru/Data1/44/44831/index.htm
ДОУ,"Устройство стен, колонн и пилонов подземного этажа",автобетононасос,обязательная,https://files.stroyinf.ru/Data1/44/44831/index.htm
Офисно-деловой центр,"Устройство стен, колонн и пилонов подземного этажа",автобетононасос,обязательная,https://files.stroyinf.ru/Data1/44/44831/index.htm
Жильё,Устройство несущих ж/б контсрукций подземной части здания,башенный кран,обязательная,https://files.stroyinf.ru/Data1/44/44831/index.htm
Образование,Устройство несущих ж/б контсрукций подземной части здания,башенный кран,обязательная,https://files.stroyinf.ru/Data1/44/44831/index.htm
Здравоохранение,Устройство несущих ж/б контсрукций подземной части здания,башенный кран,обязательная,https://files.stroyinf.ru/Data1/44/44831/index.htm
Спорт,Устройство несущих ж/б контсрукций подземной части здания,башенный кран,обязательная,https://files.stroyinf.ru/Data1/44/44831/index.htm
Культура,Устройство несущих ж/б контсрукций подземной части здания,башенный кран,обязательная,https://files.stroyinf.ru/Data1/44/44831/index.htm
Административные здания,Устройство несущих ж/б контсрукций подземной части здания,башенный кран,обязательная,https://files.stroyinf.ru/Data1/44/44831/index.htm
ДОУ,Устройство несущих ж/б контсрукций подземной части здания,башенный кран,обязательная,https://files.stroyinf.ru/Data1/44/44831/index.htm
Офисно-деловой центр,Устройство несущих ж/б контсрукций подземной части здания,башенный кран,обязательная,https://files.stroyinf.ru/Data1/44/44831/index.htm
Жильё,Устройство несущих ж/б контсрукций подземной части здания,автобетононасос,обязательная,https://files.stroyinf.ru/Data1/44/44831/index.htm
Образование,Устройство несущих ж/б контсрукций подземной части здания,автобетононасос,обязательная,https://files.stroyinf.ru/Data1/44/44831/index.htm
Здравоохранение,Устройство несущих ж/б контсрукций подземной части здания,автобетононасос,обязательная,https://files.stroyinf.ru/Data1/44/44831/index.htm
Спорт,Устройство несущих ж/б контсрукций подземной части здания,автобетононасос,обязательная,https://files.stroyinf.ru/Data1/44/44831/index.htm
Культура,Устройство несущих ж/б контсрукций подземной части здания,автобетононасос,обязательная,https://files.stroyinf.ru/Data1/44/44831/index.htm
Административные здания,Устройство несущих ж/б контсрукций подземной части здания,автобетононасос,обязательная,https://files.stroyinf.ru/Data1/44/44831/index.htm
ДОУ,Устройство несущих ж/б контсрукций подземной части здания,автобетононасос,обязательная,https://files.stroyinf.ru/Data1/44/44831/index.htm
Офисно-деловой центр,Устройство несущих ж/б контсрукций подземной части здания,автобетононасос,обязательная,https://files.stroyinf.ru/Data1/44/44831/index.htm
Жильё,Устройство монолитных ж/б колонн,башенный кран,обязательная,https://files.stroyinf.ru/Data1/44/44831/index.htm
Образование,Устройство монолитных ж/б колонн,башенный кран,обязательная,https://files.stroyinf.ru/Data1/44/44831/index.htm
Здравоохранение,Устройство монолитных ж/б колонн,башенный кран,обязательная,https://files.stroyinf.ru/Data1/44/44831/index.htm
Спорт,Устройство монолитных ж/б колонн,башенный кран,обязательная,https://files.stroyinf.ru/Data1/44/44831/index.htm
Культура,Устройство монолитных ж/б колонн,башенный кран,обязательная,https://files.stroyinf.ru/Data1/44/44831/index.htm
Административные здания,Устройство монолитных ж/б колонн,башенный кран,обязательная,https://files.stroyinf.ru/Data1/44/44831/index.htm
ДОУ,Устройство монолитных ж/б колонн,башенный кран,обязательная,https://files.stroyinf.ru/Data1/44/44831/index.htm
Офисно-деловой центр,Устройство монолитных ж/б колонн,башенный кран,обязательная,https://files.stroyinf.ru/Data1/44/44831/index.htm
Жильё,Устройство монолитных ж/б колонн,автобетононасос,обязательная,https://files.stroyinf.ru/Data1/44/44831/index.htm
Образование,Устройство монолитных ж/б колонн,автобетононасос,обязательная,https://files.stroyinf.ru/Data1/44/44831/index.htm
Здравоохранение,Устройство монолитных ж/б колонн,автобетононасос,обязательная,https://files.stroyinf.ru/Data1/44/44831/index.htm
Спорт,Устройство монолитных ж/б колонн,автобетононасос,обязательная,https://files.stroyinf.ru/Data1/44/44831/index.htm
Культура,Устройство монолитных ж/б колонн,автобетононасос,обязательная,https://files.stroyinf.ru/Data1/44/44831/index.htm
Административные здания,Устройство монолитных ж/б колонн,автобетононасос,обязательная,https://files.stroyinf.ru/Data1/44/44831/index.htm
ДОУ,Устройство монолитных ж/б колонн,автобетононасос,обязательная,https://files.stroyinf.ru/Data1/44/44831/index.htm
Офисно-деловой центр,Устройство монолитных ж/б колонн,автобетононасос,обязательная,https://files.stroyinf.ru/Data1/44/44831/index.htm
Жильё,Устройство монолитных ж/б плит перекрытия/покрытия,башенный кран,обязательная,https://files.stroyinf.ru/Data1/44/44831/index.htm
Образование,Устройство монолитных ж/б плит перекрытия/покрытия,башенный кран,обязательная,https://files.stroyinf.ru/Data1/44/44831/index.htm
Здравоохранение,Устройство монолитных ж/б плит перекрытия/покрытия,башенный кран,обязательная,https://files.stroyinf.ru/Data1/44/44831/index.htm
Спорт,Устройство монолитных ж/б плит перекрытия/покрытия,башенный кран,обязательная,https://files.stroyinf.ru/Data1/44/44831/index.htm
Культура,Устройство монолитных ж/б плит перекрытия/покрытия,башенный кран,обязательная,https://files.stroyinf.ru/Data1/44/44831/index.htm
Административные здания,Устройство монолитных ж/б плит перекрытия/покрытия,башенный кран,обязательная,https://files.stroyinf.ru/Data1/44/44831/index.htm
ДОУ,Устройство монолитных ж/б плит перекрытия/покрытия,башенный кран,обязательная,https://files.stroyinf.ru/Data1/44/44831/index.htm
Офисно-деловой центр,Устройство монолитных ж/б плит перекрытия/покрытия,башенный кран,обязательная,https://files.stroyinf.ru/Data1/44/44831/index.htm
Жильё,Устройство монолитных ж/б плит перекрытия/покрытия,автобетононасос,обязательная,https://files.stroyinf.ru/Data1/44/44831/index.htm
Образование,Устройство монолитных ж/б плит перекрытия/покрытия,автобетононасос,обязательная,https://files.stroyinf.ru/Data1/44/44831/index.htm
Здравоохранение,Устройство монолитных ж/б плит перекрытия/покрытия,автобетононасос,обязательная,https://files.stroyinf.ru/Data1/44/44831/index.htm
Спорт,Устройство монолитных ж/б плит перекрытия/покрытия,автобетононасос,обязательная,https://files.stroyinf.ru/Data1/44/44831/index.htm
Культура,Устройство монолитных ж/б плит перекрытия/покрытия,автобетононасос,обязательная,https://files.stroyinf.ru/Data1/44/44831/index.htm
Административные здания,Устройство монолитных ж/б плит перекрытия/покрытия,автобетононасос,обязательная,https://files.stroyinf.ru/Data1/44/44831/index.htm
ДОУ,Устройство монолитных ж/б плит перекрытия/покрытия,автобетононасос,обязательная,https://files.stroyinf.ru/Data1/44/44831/index.htm
Офисно-деловой центр,Устройство монолитных ж/б плит перекрытия/покрытия,автобетононасос,обязательная,https://files.stroyinf.ru/Data1/44/44831/index.htm
Жильё,Устройство монолитных ж/б лестниц,башенный кран,обязательная,https://files.stroyinf.ru/Data1/44/44831/index.htm
Образование,Устройство монолитных ж/б лестниц,башенный кран,обязательная,https://files.stroyinf.ru/Data1/44/44831/index.htm
Здравоохранение,Устройство монолитных ж/б лестниц,башенный кран,обязательная,https://files.stroyinf.ru/Data1/44/44831/index.htm
Спорт,Устройство монолитных ж/б лестниц,башенный кран,обязательная,https://files.stroyinf.ru/Data1/44/44831/index.htm
Культура,Устройство монолитных ж/б лестниц,башенный кран,обязательная,https://files.stroyinf.ru/Data1/44/44831/index.htm
Административные здания,Устройство монолитных ж/б лестниц,башенный кран,обязательная,https://files.stroyinf.ru/Data1/44/44831/index.htm
ДОУ,Устройство монолитных ж/б лестниц,башенный кран,обязательная,https://files.stroyinf.ru/Data1/44/44831/index.htm
Офисно-деловой центр,Устройство монолитных ж/б лестниц,башенный кран,обязательная,https://files.stroyinf.ru/Data1/44/44831/index.htm
Жильё,Устройство монолитных ж/б лестниц,автобетононасос,обязательная,https://files.stroyinf.ru/Data1/44/44831/index.htm
Образование,Устройство монолитных ж/б лестниц,автобетононасос,обязательная,https://files.stroyinf.ru/Data1/44/44831/index.htm
Здравоохранение,Устройство монолитных ж/б лестниц,автобетононасос,обязательная,https://files.stroyinf.ru/Data1/44/44831/index.htm
Спорт,Устройство монолитных ж/б лестниц,автобетононасос,обязательная,https://files.stroyinf.ru/Data1/44/44831/index.htm
Культура,Устройство монолитных ж/б лестниц,автобетононасос,обязательная,https://files.stroyinf.ru/Data1/44/44831/index.htm
Административные здания,Устройство монолитных ж/б лестниц,автобетононасос,обязательная,https://files.stroyinf.ru/Data1/44/44831/index.htm
ДОУ,Устройство монолитных ж/б лестниц,автобетононасос,обязательная,https://files.stroyinf.ru/Data1/44/44831/index.htm
Офисно-деловой центр,Устройство монолитных ж/б лестниц,автобетононасос,обязательная,https://files.stroyinf.ru/Data1/44/44831/index.htm
Жильё,Устройство плиты перекрытия подземного этажа,башенный кран,обязательная,https://files.stroyinf.ru/Data1/44/44831/index.htm
Образование,Устройство плиты перекрытия подземного этажа,башенный кран,обязательная,https://files.stroyinf.ru/Data1/44/44831/index.htm
Здравоохранение,Устройство плиты перекрытия подземного этажа,башенный кран,обязательная,https://files.stroyinf.ru/Data1/44/44831/index.htm
Спорт,Устройство плиты перекрытия подземного этажа,башенный кран,обязательная,https://files.stroyinf.ru/Data1/44/44831/index.htm
Культура,Устройство плиты перекрытия подземного этажа,башенный кран,обязательная,https://files.stroyinf.ru/Data1/44/44831/index.htm
Административные здания,Устройство плиты перекрытия подземного этажа,башенный кран,обязательная,https://files.stroyinf.ru/Data1/44/44831/index.htm
ДОУ,Устройство плиты перекрытия подземного этажа,башенный кран,обязательная,https://files.stroyinf.ru/Data1/44/44831/index.htm
Офисно-деловой центр,Устройство плиты перекрытия подземного этажа,башенный кран,обязательная,https://files.stroyinf.ru/Data1/44/44831/index.htm
Жильё,Устройство плиты перекрытия подземного этажа,автобетононасос,обязательная,https://files.stroyinf.ru/Data1/44/44831/index.htm
Образование,Устройство плиты перекрытия подземного этажа,автобетононасос,обязательная,https://files.stroyinf.ru/Data1/44/44831/index.htm
Здравоохранение,Устройство плиты перекрытия подземного этажа,автобетононасос,обязательная,https://files.stroyinf.ru/Data1/44/44831/index.htm
Спорт,Устройство плиты перекрытия подземного этажа,автобетононасос,обязательная,https://files.stroyinf.ru/Data1/44/44831/index.htm
Культура,Устройство плиты перекрытия подземного этажа,автобетононасос,обязательная,https://files.stroyinf.ru/Data1/44/44831/index.htm
Административные здания,Устройство плиты перекрытия подземного этажа,автобетононасос,обязательная,https://files.stroyinf.ru/Data1/44/44831/index.htm
ДОУ,Устройство плиты перекрытия подземного этажа,автобетононасос,обязательная,https://files.stroyinf.ru/Data1/44/44831/index.htm
Офисно-деловой центр,Устройство плиты перекрытия подземного этажа,автобетононасос,обязательная,https://files.stroyinf.ru/Data1/44/44831/index.htm
Жильё,Устройство фундаментной плиты,автобетононасос,обязательная,https://files.stroyinf.ru/Data1/55/55431/index.htm
Образование,Устройство фундаментной плиты,автобетононасос,обязательная,https://files.stroyinf.ru/Data1/55/55431/index.htm
Здравоохранение,Устройство фундаментной плиты,автобетононасос,обязательная,https://files.stroyinf.ru/Data1/55/55431/index.htm
Спорт,Устройство фундаментной плиты,автобетононасос,обязательная,https://files.stroyinf.ru/Data1/55/55431/index.htm
Культура,Устройство фундаментной плиты,автобетононасос,обязательная,https://files.stroyinf.ru/Data1/55/55431/index.htm
Административные здания,Устройство фундаментной плиты,автобетононасос,обязательная,https://files.stroyinf.ru/Data1/55/55431/index.htm
ДОУ,Устройство фундаментной плиты,автобетононасос,обязательная,https://files.stroyinf.ru/Data1/55/55431/index.htm
Офисно-деловой центр,Устройство фундаментной плиты,автобетононасос,обязательная,https://files.stroyinf.ru/Data1/55/55431/index.htm
Жильё,Устройство фундаментной плиты,автокран,рекомендованная,https://files.stroyinf.ru/Data1/55/55431/index.htm
Образование,Устройство фундаментной плиты,автокран,рекомендованная,https://files.stroyinf.ru/Data1/55/55431/index.htm
Здравоохранение,Устройство фундаментной плиты,автокран,рекомендованная,https://files.stroyinf.ru/Data1/55/55431/index.htm
Спорт,Устройство фундаментной плиты,автокран,рекомендованная,https://files.stroyinf.ru/Data1/55/55431/index.htm
Культура,Устройство фундаментной плиты,автокран,рекомендованная,https://files.stroyinf.ru/Data1/55/55431/index.htm
Административные здания,Устройство фундаментной плиты,автокран,рекомендованная,https://files.stroyinf.ru/Data1/55/55431/index.htm
ДОУ,Устройство фундаментной плиты,автокран,рекомендованная,https://files.stroyinf.ru/Data1/55/55431/index.htm
Офисно-деловой центр,Устройство фундаментной плиты,автокран,рекомендованная,https://files.stroyinf.ru/Data1/55/55431/index.htm
Жильё,"Устройство монолитной ж/б фундаментной плиты (плита под здание, плита под башенный кран, фундамент под оборудование), в т.ч. устройство бетонной подготовки",автобетононасос,обязательная,https://files.stroyinf.ru/Data1/55/55431/index.htm
Образование,"Устройство монолитной ж/б фундаментной плиты (плита под здание, плита под башенный кран, фундамент под оборудование), в т.ч. устройство бетонной подготовки",автобетононасос,обязательная,https://files.stroyinf.ru/Data1/55/55431/index.htm
Здравоохранение,"Устройство монолитной ж/б фундаментной плиты (плита под здание, плита под башенный кран, фундамент под оборудование), в т.ч. устройство бетонной подготовки",автобетононасос,обязательная,https://files.stroyinf.ru/Data1/55/55431/index.htm
Спорт,"Устройство монолитной ж/б фундаментной плиты (плита под здание, плита под башенный кран, фундамент под оборудование), в т.ч. устройство бетонной подготовки",автобетононасос,обязательная,https://files.stroyinf.ru/Data1/55/55431/index.htm
Культура,"Устройство монолитной ж/б фундаментной плиты (плита под здание, плита под башенный кран, фундамент под оборудование), в т.ч. устройство бетонной подготовки",автобетононасос,обязательная,https://files.stroyinf.ru/Data1/55/55431/index.htm
Административные здания,"Устройство монолитной ж/б фундаментной плиты (плита под здание, плита под башенный кран, фундамент под оборудование), в т.ч. устройство бетонной подготовки",автобетононасос,обязательная,https://files.stroyinf.ru/Data1/55/55431/index.htm
ДОУ,"Устройство монолитной ж/б фундаментной плиты (плита под здание, плита под башенный кран, фундамент под оборудование), в т.ч. устройство бетонной подготовки",автобетононасос,обязательная,https://files.stroyinf.ru/Data1/55/55431/index.htm
Офисно-деловой центр,"Устройство монолитной ж/б фундаментной плиты (плита под здание, плита под башенный кран, фундамент под оборудование), в т.ч. устройство бетонной подготовки",автобетононасос,обязательная,https://files.stroyinf.ru/Data1/55/55431/index.htm
Жильё,"Устройство монолитной ж/б фундаментной плиты (плита под здание, плита под башенный кран, фундамент под оборудование), в т.ч. устройство бетонной подготовки",автокран,рекомендованная,https://files.stroyinf.ru/Data1/55/55431/index.htm
Образование,"Устройство монолитной ж/б фундаментной плиты (плита под здание, плита под башенный кран, фундамент под оборудование), в т.ч. устройство бетонной подготовки",автокран,рекомендованная,https://files.stroyinf.ru/Data1/55/55431/index.htm
Здравоохранение,"Устройство монолитной ж/б фундаментной плиты (плита под здание, плита под башенный кран, фундамент под оборудование), в т.ч. устройство бетонной подготовки",автокран,рекомендованная,https://files.stroyinf.ru/Data1/55/55431/index.htm
Спорт,"Устройство монолитной ж/б фундаментной плиты (плита под здание, плита под башенный кран, фундамент под оборудование), в т.ч. устройство бетонной подготовки",автокран,рекомендованная,https://files.stroyinf.ru/Data1/55/55431/index.htm
Культура,"Устройство монолитной ж/б фундаментной плиты (плита под здание, плита под башенный кран, фундамент под оборудование), в т.ч. устройство бетонной подготовки",автокран,рекомендованная,https://files.stroyinf.ru/Data1/55/55431/index.htm
Административные здания,"Устройство монолитной ж/б фундаментной плиты (плита под здание, плита под башенный кран, фундамент под оборудование), в т.ч. устройство бетонной подготовки",автокран,рекомендованная,https://files.stroyinf.ru/Data1/55/55431/index.htm
ДОУ,"Устройство монолитной ж/б фундаментной плиты (плита под здание, плита под башенный кран, фундамент под оборудование), в т.ч. устройство бетонной подготовки",автокран,рекомендованная,https://files.stroyinf.ru/Data1/55/55431/index.htm
Офисно-деловой центр,"Устройство монолитной ж/б фундаментной плиты (плита под здание, плита под башенный кран, фундамент под оборудование), в т.ч. устройство бетонной подготовки",автокран,рекомендованная,https://files.stroyinf.ru/Data1/55/55431/index.htm
Жильё,Стены и перегородки,машина для подачи раствора,обязательная,https://meganorm.ru/Data2/1/4293839/4293839854.htm
Образование,Стены и перегородки,машина для подачи раствора,обязательная,https://meganorm.ru/Data2/1/4293839/4293839854.htm
Здравоохранение,Стены и перегородки,машина для подачи раствора,обязательная,https://meganorm.ru/Data2/1/4293839/4293839854.htm
Спорт,Стены и перегородки,машина для подачи раствора,обязательная,https://meganorm.ru/Data2/1/4293839/4293839854.htm
Культура,Стены и перегородки,машина для подачи раствора,обязательная,https://meganorm.ru/Data2/1/4293839/4293839854.htm
Административные здания,Стены и перегородки,машина для подачи раствора,обязательная,https://meganorm.ru/Data2/1/4293839/4293839854.htm
ДОУ,Стены и перегородки,машина для подачи раствора,обязательная,https://meganorm.ru/Data2/1/4293839/4293839854.htm
Офисно-деловой центр,Стены и перегородки,машина для подачи раствора,обязательная,https://meganorm.ru/Data2/1/4293839/4293839854.htm
Жильё,Стены и перегородки,компрессор,рекомендованная,https://meganorm.ru/Data2/1/4293839/4293839854.htm
Образование,Стены и перегородки,компрессор,рекомендованная,https://meganorm.ru/Data2/1/4293839/4293839854.htm
Здравоохранение,Стены и перегородки,компрессор,рекомендованная,https://meganorm.ru/Data2/1/4293839/4293839854.htm
Спорт,Стены и перегородки,компрессор,рекомендованная,https://meganorm.ru/Data2/1/4293839/4293839854.htm
Культура,Стены и перегородки,компрессор,рекомендованная,https://meganorm.ru/Data2/1/4293839/4293839854.htm
Административные здания,Стены и перегородки,компрессор,рекомендованная,https://meganorm.ru/Data2/1/4293839/4293839854.htm
ДОУ,Стены и перегородки,компрессор,рекомендованная,https://meganorm.ru/Data2/1/4293839/4293839854.htm
Офисно-деловой центр,Стены и перегородки,компрессор,рекомендованная,https://meganorm.ru/Data2/1/4293839/4293839854.htm
Жильё,Устройство наружных стен,машина для подачи раствора,обязательная,https://meganorm.ru/Data2/1/4293839/4293839854.htm
Образование,Устройство наружных стен,машина для подачи раствора,обязательная,https://meganorm.ru/Data2/1/4293839/4293839854.htm
Здравоохранение,Устройство наружных стен,машина для подачи раствора,обязательная,https://meganorm.ru/Data2/1/4293839/4293839854.htm
Спорт,Устройство наружных стен,машина для подачи раствора,обязательная,https://meganorm.ru/Data2/1/4293839/4293839854.htm
Культура,Устройство наружных стен,машина для подачи раствора,обязательная,https://meganorm.ru/Data2/1/4293839/4293839854.htm
Административные здания,Устройство наружных стен,машина для подачи раствора,обязательная,https://meganorm.ru/Data2/1/4293839/4293839854.htm
ДОУ,Устройство наружных стен,машина для подачи раствора,обязательная,https://meganorm.ru/Data2/1/4293839/4293839854.htm
Офисно-деловой центр,Устройство наружных стен,машина для подачи раствора,обязательная,https://meganorm.ru/Data2/1/4293839/4293839854.htm
Жильё,Устройство наружных стен,компрессор,рекомендованная,https://meganorm.ru/Data2/1/4293839/4293839854.htm
Образование,Устройство наружных стен,компрессор,рекомендованная,https://meganorm.ru/Data2/1/4293839/4293839854.htm
Здравоохранение,Устройство наружных стен,компрессор,рекомендованная,https://meganorm.ru/Data2/1/4293839/4293839854.htm
Спорт,Устройство наружных стен,компрессор,рекомендованная,https://meganorm.ru/Data2/1/4293839/4293839854.htm
Культура,Устройство наружных стен,компрессор,рекомендованная,https://meganorm.ru/Data2/1/4293839/4293839854.htm
Административные здания,Устройство наружных стен,компрессор,рекомендованная,https://meganorm.ru/Data2/1/4293839/4293839854.htm
ДОУ,Устройство наружных стен,компрессор,рекомендованная,https://meganorm.ru/Data2/1/4293839/4293839854.htm
Офисно-деловой центр,Устройство наружных стен,компрессор,рекомендованная,https://meganorm.ru/Data2/1/4293839/4293839854.htm
Образование,Устройство внутренних перегородок,машина для подачи раствора,обязательная,https://meganorm.ru/Data2/1/4293839/4293839854.htm
Здравоохранение,Устройство внутренних перегородок,машина для подачи раствора,обязательная,https://meganorm.ru/Data2/1/4293839/4293839854.htm
Спорт,Устройство внутренних перегородок,машина для подачи раствора,обязательная,https://meganorm.ru/Data2/1/4293839/4293839854.htm
Культура,Устройство внутренних перегородок,машина для подачи раствора,обязательная,https://meganorm.ru/Data2/1/4293839/4293839854.htm
Административные здания,Устройство внутренних перегородок,машина для подачи раствора,обязательная,https://meganorm.ru/Data2/1/4293839/4293839854.htm
ДОУ,Устройство внутренних перегородок,машина для подачи раствора,обязательная,https://meganorm.ru/Data2/1/4293839/4293839854.htm
Офисно-деловой центр,Устройство внутренних перегородок,машина для подачи раствора,обязательная,https://meganorm.ru/Data2/1/4293839/4293839854.htm
Образование,Устройство внутренних перегородок,компрессор,рекомендованная,https://meganorm.ru/Data2/1/4293839/4293839854.htm
Здравоохранение,Устройство внутренних перегородок,компрессор,рекомендованная,https://meganorm.ru/Data2/1/4293839/4293839854.htm
Спорт,Устройство внутренних перегородок,компрессор,рекомендованная,https://meganorm.ru/Data2/1/4293839/4293839854.htm
Культура,Устройство внутренних перегородок,компрессор,рекомендованная,https://meganorm.ru/Data2/1/4293839/4293839854.htm
Административные здания,Устройство внутренних перегородок,компрессор,рекомендованная,https://meganorm.ru/Data2/1/4293839/4293839854.htm
ДОУ,Устройство внутренних перегородок,компрессор,рекомендованная,https://meganorm.ru/Data2/1/4293839/4293839854.htm
Офисно-деловой центр,Устройство внутренних перегородок,компрессор,рекомендованная,https://meganorm.ru/Data2/1/4293839/4293839854.htm
Образование,Кладка стен наружных армированных из кирпича,машина для подачи раствора,обязательная,https://meganorm.ru/Data2/1/4293839/4293839854.htm
Здравоохранение,Кладка стен наружных армированных из кирпича,машина для подачи раствора,обязательная,https://meganorm.ru/Data2/1/4293839/4293839854.htm
Спорт,Кладка стен наружных армированных из кирпича,машина для подачи раствора,обязательная,https://meganorm.ru/Data2/1/4293839/4293839854.htm
Культура,Кладка стен наружных армированных из кирпича,машина для подачи раствора,обязательная,https://meganorm.ru/Data2/1/4293839/4293839854.htm
Административные здания,Кладка стен наружных армированных из кирпича,машина для подачи раствора,обязательная,https://meganorm.ru/Data2/1/4293839/4293839854.htm
ДОУ,Кладка стен наружных армированных из кирпича,машина для подачи раствора,обязательная,https://meganorm.ru/Data2/1/4293839/4293839854.htm
Офисно-деловой центр,Кладка стен наружных армированных из кирпича,машина для подачи раствора,обязательная,https://meganorm.ru/Data2/1/4293839/4293839854.htm
Образование,Кладка стен наружных армированных из кирпича,компрессор,рекомендованная,https://meganorm.ru/Data2/1/4293839/4293839854.htm
Здравоохранение,Кладка стен наружных армированных из кирпича,компрессор,рекомендованная,https://meganorm.ru/Data2/1/4293839/4293839854.htm
Спорт,Кладка стен наружных армированных из кирпича,компрессор,рекомендованная,https://meganorm.ru/Data2/1/4293839/4293839854.htm
Культура,Кладка стен наружных армированных из кирпича,компрессор,рекомендованная,https://meganorm.ru/Data2/1/4293839/4293839854.htm
Административные здания,Кладка стен наружных армированных из кирпича,компрессор,рекомендованная,https://meganorm.ru/Data2/1/4293839/4293839854.htm
ДОУ,Кладка стен наружных армированных из кирпича,компрессор,рекомендованная,https://meganorm.ru/Data2/1/4293839/4293839854.htm
Офисно-деловой центр,Кладка стен наружных армированных из кирпича,компрессор,рекомендованная,https://meganorm.ru/Data2/1/4293839/4293839854.htm
Образование,"Устройство стен и перегородок из кирпича, в т.ч. креплением их к монолитным стенам/перекрытиям, заделкой мест примыканий, установкой перемычек и армированием сеткой",машина для подачи раствора,обязательная,https://meganorm.ru/Data2/1/4293839/4293839854.htm
Здравоохранение,"Устройство стен и перегородок из кирпича, в т.ч. креплением их к монолитным стенам/перекрытиям, заделкой мест примыканий, установкой перемычек и армированием сеткой",машина для подачи раствора,обязательная,https://meganorm.ru/Data2/1/4293839/4293839854.htm
Спорт,"Устройство стен и перегородок из кирпича, в т.ч. креплением их к монолитным стенам/перекрытиям, заделкой мест примыканий, установкой перемычек и армированием сеткой",машина для подачи раствора,обязательная,https://meganorm.ru/Data2/1/4293839/4293839854.htm
Культура,"Устройство стен и перегородок из кирпича, в т.ч. креплением их к монолитным стенам/перекрытиям, заделкой мест примыканий, установкой перемычек и армированием сеткой",машина для подачи раствора,обязательная,https://meganorm.ru/Data2/1/4293839/4293839854.htm
Административные здания,"Устройство стен и перегородок из кирпича, в т.ч. креплением их к монолитным стенам/перекрытиям, заделкой мест примыканий, установкой перемычек и армированием сеткой",машина для подачи раствора,обязательная,https://meganorm.ru/Data2/1/4293839/4293839854.htm
ДОУ,"Устройство стен и перегородок из кирпича, в т.ч. креплением их к монолитным стенам/перекрытиям, заделкой мест примыканий, установкой перемычек и армированием сеткой",машина для подачи раствора,обязательная,https://meganorm.ru/Data2/1/4293839/4293839854.htm
Офисно-деловой центр,"Устройство стен и перегородок из кирпича, в т.ч. креплением их к монолитным стенам/перекрытиям, заделкой мест примыканий, установкой перемычек и армированием сеткой",машина для подачи раствора,обязательная,https://meganorm.ru/Data2/1/4293839/4293839854.htm
Образование,"Устройство стен и перегородок из кирпича, в т.ч. креплением их к монолитным стенам/перекрытиям, заделкой мест примыканий, установкой перемычек и армированием сеткой",компрессор,рекомендованная,https://meganorm.ru/Data2/1/4293839/4293839854.htm
Здравоохранение,"Устройство стен и перегородок из кирпича, в т.ч. креплением их к монолитным стенам/перекрытиям, заделкой мест примыканий, установкой перемычек и армированием сеткой",компрессор,рекомендованная,https://meganorm.ru/Data2/1/4293839/4293839854.htm
Спорт,"Устройство стен и перегородок из кирпича, в т.ч. креплением их к монолитным стенам/перекрытиям, заделкой мест примыканий, установкой перемычек и армированием сеткой",компрессор,рекомендованная,https://meganorm.ru/Data2/1/4293839/4293839854.htm
Культура,"Устройство стен и перегородок из кирпича, в т.ч. креплением их к монолитным стенам/перекрытиям, заделкой мест примыканий, установкой перемычек и армированием сеткой",компрессор,рекомендованная,https://meganorm.ru/Data2/1/4293839/4293839854.htm
Административные здания,"Устройство стен и перегородок из кирпича, в т.ч. креплением их к монолитным стенам/перекрытиям, заделкой мест примыканий, установкой перемычек и армированием сеткой",компрессор,рекомендованная,https://meganorm.ru/Data2/1/4293839/4293839854.htm
ДОУ,"Устройство стен и перегородок из кирпича, в т.ч. креплением их к монолитным стенам/перекрытиям, заделкой мест примыканий, установкой перемычек и армированием сеткой",компрессор,рекомендованная,https://meganorm.ru/Data2/1/4293839/4293839854.htm
Офисно-деловой центр,"Устройство стен и перегородок из кирпича, в т.ч. креплением их к монолитным стенам/перекрытиям, заделкой мест примыканий, установкой перемычек и армированием сеткой",компрессор,рекомендованная,https://meganorm.ru/Data2/1/4293839/4293839854.htm
Образование,"Устройство армированных кирпичных перегородок, укладка перемычек",машина для подачи раствора,обязательная,https://meganorm.ru/Data2/1/4293839/4293839854.htm
Здравоохранение,"Устройство армированных кирпичных перегородок, укладка перемычек",машина для подачи раствора,обязательная,https://meganorm.ru/Data2/1/4293839/4293839854.htm
Спорт,"Устройство армированных кирпичных перегородок, укладка перемычек",машина для подачи раствора,обязательная,https://meganorm.ru/Data2/1/4293839/4293839854.htm
Культура,"Устройство армированных кирпичных перегородок, укладка перемычек",машина для подачи раствора,обязательная,https://meganorm.ru/Data2/1/4293839/4293839854.htm
Административные здания,"Устройство армированных кирпичных перегородок, укладка перемычек",машина для подачи раствора,обязательная,https://meganorm.ru/Data2/1/4293839/4293839854.htm
ДОУ,"Устройство армированных кирпичных перегородок, укладка перемычек",машина для подачи раствора,обязательная,https://meganorm.ru/Data2/1/4293839/4293839854.htm
Офисно-деловой центр,"Устройство армированных кирпичных перегородок, укладка перемычек",машина для подачи раствора,обязательная,https://meganorm.ru/Data2/1/4293839/4293839854.htm
Образование,"Устройство армированных кирпичных перегородок, укладка перемычек",компрессор,рекомендованная,https://meganorm.ru/Data2/1/4293839/4293839854.htm
Здравоохранение,"Устройство армированных кирпичных перегородок, укладка перемычек",компрессор,рекомендованная,https://meganorm.ru/Data2/1/4293839/4293839854.htm
Спорт,"Устройство армированных кирпичных перегородок, укладка перемычек",компрессор,рекомендованная,https://meganorm.ru/Data2/1/4293839/4293839854.htm
Культура,"Устройство армированных кирпичных перегородок, укладка перемычек",компрессор,рекомендованная,https://meganorm.ru/Data2/1/4293839/4293839854.htm
Административные здания,"Устройство армированных кирпичных перегородок, укладка перемычек",компрессор,рекомендованная,https://meganorm.ru/Data2/1/4293839/4293839854.htm
ДОУ,"Устройство армированных кирпичных перегородок, укладка перемычек",компрессор,рекомендованная,https://meganorm.ru/Data2/1/4293839/4293839854.htm
Офисно-деловой центр,"Устройство армированных кирпичных перегородок, укладка перемычек",компрессор,рекомендованная,https://meganorm.ru/Data2/1/4293839/4293839854.htm
Жильё,Подготовка территории,кран-манипулятор,обязательная,https://ohranatruda.ru/ot_biblio/norma/246621/
Образование,Подготовка территории,кран-манипулятор,обязательная,https://ohranatruda.ru/ot_biblio/norma/246621/
Здравоохранение,Подготовка территории,кран-манипулятор,обязательная,https://ohranatruda.ru/ot_biblio/norma/246621/
Спорт,Подготовка территории,кран-манипулятор,обязательная,https://ohranatruda.ru/ot_biblio/norma/246621/
Культура,Подготовка территории,кран-манипулятор,обязательная,https://ohranatruda.ru/ot_biblio/norma/246621/
Административные здания,Подготовка территории,кран-манипулятор,обязательная,https://ohranatruda.ru/ot_biblio/norma/246621/
ДОУ,Подготовка территории,кран-манипулятор,обязательная,https://ohranatruda.ru/ot_biblio/norma/246621/
Офисно-деловой центр,Подготовка территории,кран-манипулятор,обязательная,https://ohranatruda.ru/ot_biblio/norma/246621/
Дороги,Подготовка территории,кран-манипулятор,обязательная,https://ohranatruda.ru/ot_biblio/norma/246621/
Жильё,Подготовка территории,грузовик,рекомендованная,https://ohranatruda.ru/ot_biblio/norma/246621/
Образование,Подготовка территории,грузовик,рекомендованная,https://ohranatruda.ru/ot_biblio/norma/246621/
Здравоохранение,Подготовка территории,грузовик,рекомендованная,https://ohranatruda.ru/ot_biblio/norma/246621/
Спорт,Подготовка территории,грузовик,рекомендованная,https://ohranatruda.ru/ot_biblio/norma/246621/
Культура,Подготовка территории,грузовик,рекомендованная,https://ohranatruda.ru/ot_biblio/norma/246621/
Административные здания,Подготовка территории,грузовик,рекомендованная,https://ohranatruda.ru/ot_biblio/norma/246621/
ДОУ,Подготовка территории,грузовик,рекомендованная,https://ohranatruda.ru/ot_biblio/norma/246621/
Офисно-деловой центр,Подготовка территории,грузовик,рекомендованная,https://ohranatruda.ru/ot_biblio/norma/246621/
Дороги,Подготовка территории,грузовик,рекомендованная,https://ohranatruda.ru/ot_biblio/norma/246621/
Жильё,Погрузка строительного мусора,кран-манипулятор,обязательная,https://ohranatruda.ru/ot_biblio/norma/246621/
Образование,Погрузка строительного мусора,кран-манипулятор,обязательная,https://ohranatruda.ru/ot_biblio/norma/246621/
Здравоохранение,Погрузка строительного мусора,кран-манипулятор,обязательная,https://ohranatruda.ru/ot_biblio/norma/246621/
Спорт,Погрузка строительного мусора,кран-манипулятор,обязательная,https://ohranatruda.ru/ot_biblio/norma/246621/
Культура,Погрузка строительного мусора,кран-манипулятор,обязательная,https://ohranatruda.ru/ot_biblio/norma/246621/
Административные здания,Погрузка строительного мусора,кран-манипулятор,обязательная,https://ohranatruda.ru/ot_biblio/norma/246621/
ДОУ,Погрузка строительного мусора,кран-манипулятор,обязательная,https://ohranatruda.ru/ot_biblio/norma/246621/
Офисно-деловой центр,Погрузка строительного мусора,кран-манипулятор,обязательная,https://ohranatruda.ru/ot_biblio/norma/246621/
Дороги,Погрузка строительного мусора,кран-манипулятор,обязательная,https://ohranatruda.ru/ot_biblio/norma/246621/
Жильё,Погрузка строительного мусора,грузовик,рекомендованная,https://ohranatruda.ru/ot_biblio/norma/246621/
Образование,Погрузка строительного мусора,грузовик,рекомендованная,https://ohranatruda.ru/ot_biblio/norma/246621/
Здравоохранение,Погрузка строительного мусора,грузовик,рекомендованная,https://ohranatruda.ru/ot_biblio/norma/246621/
Спорт,Погрузка строительного мусора,грузовик,рекомендованная,https://ohranatruda.ru/ot_biblio/norma/246621/
Культура,Погрузка строительного мусора,грузовик,рекомендованная,https://ohranatruda.ru/ot_biblio/norma/246621/
Административные здания,Погрузка строительного мусора,грузовик,рекомендованная,https://ohranatruda.ru/ot_biblio/norma/246621/
ДОУ,Погрузка строительного мусора,грузовик,рекомендованная,https://ohranatruda.ru/ot_biblio/norma/246621/
Офисно-деловой центр,Погрузка строительного мусора,грузовик,рекомендованная,https://ohranatruda.ru/ot_biblio/norma/246621/
Дороги,Погрузка строительного мусора,грузовик,рекомендованная,https://ohranatruda.ru/ot_biblio/norma/246621/
Жильё,Подготовка территории,кран-манипулятор,обязательная,https://ohranatruda.ru/ot_biblio/norma/246352/
Образование,Подготовка территории,кран-манипулятор,обязательная,https://ohranatruda.ru/ot_biblio/norma/246352/
Здравоохранение,Подготовка территории,кран-манипулятор,обязательная,https://ohranatruda.ru/ot_biblio/norma/246352/
Спорт,Подготовка территории,кран-манипулятор,обязательная,https://ohranatruda.ru/ot_biblio/norma/246352/
Культура,Подготовка территории,кран-манипулятор,обязательная,https://ohranatruda.ru/ot_biblio/norma/246352/
Административные здания,Подготовка территории,кран-манипулятор,обязательная,https://ohranatruda.ru/ot_biblio/norma/246352/
ДОУ,Подготовка территории,кран-манипулятор,обязательная,https://ohranatruda.ru/ot_biblio/norma/246352/
Офисно-деловой центр,Подготовка территории,кран-манипулятор,обязательная,https://ohranatruda.ru/ot_biblio/norma/246352/
Дороги,Подготовка территории,кран-манипулятор,обязательная,https://ohranatruda.ru/ot_biblio/norma/246352/
Жильё,Подготовка территории,грузовик,рекомендованная,https://ohranatruda.ru/ot_biblio/norma/246352/
Образование,Подготовка территории,грузовик,рекомендованная,https://ohranatruda.ru/ot_biblio/norma/246352/
Здравоохранение,Подготовка территории,грузовик,рекомендованная,https://ohranatruda.ru/ot_biblio/norma/246352/
Спорт,Подготовка территории,грузовик,рекомендованная,https://ohranatruda.ru/ot_biblio/norma/246352/
Культура,Подготовка территории,грузовик,рекомендованная,https://ohranatruda.ru/ot_biblio/norma/246352/
Административные здания,Подготовка территории,грузовик,рекомендованная,https://ohranatruda.ru/ot_biblio/norma/246352/
ДОУ,Подготовка территории,грузовик,рекомендованная,https://ohranatruda.ru/ot_biblio/norma/246352/
Офисно-деловой центр,Подготовка территории,грузовик,рекомендованная,https://ohranatruda.ru/ot_biblio/norma/246352/
Дороги,Подготовка территории,грузовик,рекомендованная,https://ohranatruda.ru/ot_biblio/norma/246352/
Жильё,Погрузка строительного мусора,кран-манипулятор,обязательная,https://ohranatruda.ru/ot_biblio/norma/246352/
Образование,Погрузка строительного мусора,кран-манипулятор,обязательная,https://ohranatruda.ru/ot_biblio/norma/246352/
Здравоохранение,Погрузка строительного мусора,кран-манипулятор,обязательная,https://ohranatruda.ru/ot_biblio/norma/246352/
Спорт,Погрузка строительного мусора,кран-манипулятор,обязательная,https://ohranatruda.ru/ot_biblio/norma/246352/
Культура,Погрузка строительного мусора,кран-манипулятор,обязательная,https://ohranatruda.ru/ot_biblio/norma/246352/
Административные здания,Погрузка строительного мусора,кран-манипулятор,обязательная,https://ohranatruda.ru/ot_biblio/norma/246352/
ДОУ,Погрузка строительного мусора,кран-манипулятор,обязательная,https://ohranatruda.ru/ot_biblio/norma/246352/
Офисно-деловой центр,Погрузка строительного мусора,кран-манипулятор,обязательная,https://ohranatruda.ru/ot_biblio/norma/246352/
Дороги,Погрузка строительного мусора,кран-манипулятор,обязательная,https://ohranatruda.ru/ot_biblio/norma/246352/
Жильё,Погрузка строительного мусора,грузовик,рекомендованная,https://ohranatruda.ru/ot_biblio/norma/246352/
Образование,Погрузка строительного мусора,грузовик,рекомендованная,https://ohranatruda.ru/ot_biblio/norma/246352/
Здравоохранение,Погрузка строительного мусора,грузовик,рекомендованная,https://ohranatruda.ru/ot_biblio/norma/246352/
Спорт,Погрузка строительного мусора,грузовик,рекомендованная,https://ohranatruda.ru/ot_biblio/norma/246352/
Культура,Погрузка строительного мусора,грузовик,рекомендованная,https://ohranatruda.ru/ot_biblio/norma/246352/
Административные здания,Погрузка строительного мусора,грузовик,рекомендованная,https://ohranatruda.ru/ot_biblio/norma/246352/
ДОУ,Погрузка строительного мусора,грузовик,рекомендованная,https://ohranatruda.ru/ot_biblio/norma/246352/
Офисно-деловой центр,Погрузка строительного мусора,грузовик,рекомендованная,https://ohranatruda.ru/ot_biblio/norma/246352/
Дороги,Погрузка строительного мусора,грузовик,рекомендованная,https://ohranatruda.ru/ot_biblio/norma/246352/
